video_id,start,end,bbox,fps,width,height,partition
VM6HZqQKhok#016609#016737,0,0,104-10-665-570,10.0,944,944,train
4E_1AB1rsSw#014854#015029,0,0,288-75-746-532,10.0,960,960,train
B43f89Y9f-A#013336#013572,0,0,216-39-622-445,10.0,800,800,train
4zLmWpMDY8Q#012019#012190,0,0,190-43-542-394,10.0,720,720,train
rS_Ssisz2_M#007168#007339,0,0,157-42-477-361,10.0,608,608,train
Fxt_MZKMdes#001276#001514,0,0,150-50-538-438,10.0,720,720,train
8Dv2Hdf5TRg#010948#011114,0,0,132-24-449-342,10.0,624,624,train
8DDgHq9ewOo#019725#019916,0,0,185-43-574-433,10.0,784,784,train
pyFcr2WcOyo#013029#013417,0,0,204-71-574-441,10.0,832,832,train
UQzvNIIMayo#024043#024186,0,0,265-55-831-622,10.0,1056,1056,train
esD6aaIjhek#008846#009046,0,0,96-15-408-327,10.0,592,592,train
N39x_WTPix0#013432#013562,0,0,198-13-583-398,10.0,720,720,train
27lMmdmy-b8#019823#020124,0,0,137-33-499-394,10.0,688,688,train
LnJwH_PZXnM#024134#024328,0,0,298-0-859-560,10.0,976,976,train
77HUdJ7Tij0#001754#002046,0,0,284-50-754-520,10.0,976,976,train
kdqUhTnAgJU#004528#004674,0,0,172-44-485-357,10.0,656,656,train
EZKDkSY1GBM#001801#001947,0,0,249-48-609-408,10.0,768,768,train
lmyZMtPVodo#003288#003455,0,0,164-2-483-321,10.0,544,544,train
5zWmdHmJMd0#013695#013828,0,0,142-40-726-624,10.0,1056,1056,train
6wNif5SlN08#012243#012391,0,0,180-39-530-389,10.0,672,672,train
yNhu0MG_2MA#015079#015207,0,0,267-68-696-498,10.0,992,992,train
HiwJ0hNl1Fw#019802#019950,0,0,195-47-530-382,10.0,704,704,train
ERSZb2wHFDw#009942#010154,0,0,245-38-683-475,10.0,896,896,train
yNhu0MG_2MA#015293#015483,0,0,285-59-748-522,10.0,992,992,train
QeIrdqU0o9s#009717#009869,0,0,216-6-586-376,10.0,656,656,train
LiUClSItcy0#002910#003194,0,0,117-33-442-358,10.0,624,624,train
yLfCCcVDUiU#011743#012036,0,0,194-37-554-396,10.0,688,688,train
Uq1idqpX9-A#003270#003404,0,0,164-25-514-375,10.0,608,608,train
8Z24LCysq3A#008681#008961,0,0,230-22-593-385,10.0,704,704,train
YUUP2MMz7PU#001605#001830,0,0,221-27-648-454,10.0,816,816,train
Jc9RdbHEFa0#011429#011585,0,0,154-39-498-383,10.0,688,688,train
949yOxz_x80#013333#013579,0,0,239-74-739-574,10.0,1056,1056,train
yNhu0MG_2MA#004164#004617,0,0,303-10-855-562,10.0,944,944,train
BzeTjn0R2VY#007387#007708,0,0,110-28-711-629,10.0,1024,1024,train
0gks6ceq4eQ#016612#016848,0,0,181-47-702-569,10.0,1008,1008,train
dkmpRQdJslI#008681#009033,0,0,79-13-503-436,10.0,720,720,train
LiUClSItcy0#006855#007128,0,0,87-12-443-368,10.0,624,624,train
DGvPfD1Dd1U#014815#015208,0,0,338-76-820-558,10.0,1056,1056,train
Ubbmje44gLg#011585#011723,0,0,144-43-532-431,10.0,752,752,train
g2m97gPI70I#016699#016891,0,0,121-31-458-368,10.0,656,656,train
Mr8nvXvl-y8#000719#000970,0,0,151-30-467-346,10.0,608,608,train
V1yW5IsnSjo#012145#012273,0,0,122-8-451-337,10.0,592,592,train
kmbui1xF8DE#017256#017534,0,0,284-45-793-553,10.0,992,992,train
RjquHTj4HlY#011734#012042,0,0,214-0-697-481,10.0,816,816,train
GIBoCJeB3HQ#003803#003962,0,0,151-48-526-424,10.0,752,752,train
BoRUrWcdkQ4#000589#000745,0,0,105-17-459-371,10.0,640,640,train
I3BJVaioX_k#022294#022546,0,0,321-44-861-584,10.0,1040,1040,train
UMhLBPPtlrY#023040#023306,0,0,125-13-480-368,10.0,656,656,train
idfv7Lw4Y_s#002452#002701,0,0,319-64-840-585,10.0,1056,1056,train
pxEcvU0Vp_M#014404#014610,0,0,163-40-490-366,10.0,688,688,train
YUUP2MMz7PU#017126#017263,0,0,200-53-621-474,10.0,848,848,train
cK74vhqzeeQ#018362#018592,0,0,181-37-514-369,10.0,672,672,train
aTfwA1TaH3Q#012919#013059,0,0,201-38-537-374,10.0,704,704,train
I3BJVaioX_k#000511#000641,0,0,212-34-703-526,10.0,976,976,train
-nKdufEaL8k#007202#007434,0,0,216-52-608-444,10.0,832,832,train
2wseM6wWd74#012014#012363,0,0,126-23-436-333,10.0,608,608,train
gypAjPp6eps#016669#016808,0,0,175-45-516-386,10.0,672,672,train
ClfBxWPkBKU#024118#024322,0,0,209-34-563-389,10.0,720,720,train
TLZ6W-Nqv1I#000314#000448,0,0,259-51-716-509,10.0,992,992,train
360bU-vBJOI#011030#011186,0,0,171-28-610-467,10.0,848,848,train
UMhLBPPtlrY#021859#022146,0,0,144-26-461-343,10.0,640,640,train
jAw8t2g-eVU#021784#022144,0,0,269-40-789-561,10.0,1040,1040,train
TLZ6W-Nqv1I#010376#010568,0,0,233-61-636-464,10.0,896,896,train
C74amJRp730#016824#017085,0,0,197-33-566-402,10.0,704,704,train
360bU-vBJOI#010853#011004,0,0,179-50-608-479,10.0,880,880,train
kmbui1xF8DE#008597#008782,0,0,206-44-703-541,10.0,960,960,train
bGUVQaBdxKw#014130#014499,0,0,296-29-783-516,10.0,976,976,train
B43f89Y9f-A#019659#019857,0,0,194-33-576-415,10.0,768,768,train
4CGFPbFqdJ4#013554#013882,0,0,303-35-810-542,10.0,976,976,train
bGUVQaBdxKw#002392#002628,0,0,273-31-694-452,10.0,848,848,train
BzeTjn0R2VY#016566#016817,0,0,184-32-684-532,10.0,976,976,train
kaU7IPlg9PA#004193#004337,0,0,251-52-678-479,10.0,880,880,train
d38LKbYfWrs#002610#002807,0,0,194-51-515-372,10.0,688,688,train
a63t8r70QN0#001613#002039,0,0,190-41-611-462,10.0,784,784,train
ONs9FCY74p0#003498#003629,0,0,261-59-701-499,10.0,928,928,train
zamvnyBB-SU#015610#015876,0,0,179-19-723-563,10.0,1008,1008,train
AEKy1AS75Zs#010278#010459,0,0,359-34-915-590,10.0,1072,1072,train
esD6aaIjhek#010109#010314,0,0,90-0-474-382,10.0,624,624,train
SF9qq6vQ3Pg#002546#002690,0,0,212-20-718-526,10.0,912,912,train
CZNrOzgNWf4#007008#007147,0,0,194-47-520-373,10.0,688,688,train
iFTWM7HV2UI#011447#012032,0,0,181-37-699-555,10.0,992,992,train
08z_xW-szwM#006317#006736,0,0,274-63-668-458,10.0,848,848,train
U51MSK6nSQE#006747#007244,0,0,258-57-726-525,10.0,880,880,train
YUUP2MMz7PU#014064#014540,0,0,199-40-628-470,10.0,864,864,train
5ErKrSyUpEo#015895#016145,0,0,235-62-721-548,10.0,1056,1056,train
a63t8r70QN0#021847#022019,0,0,181-43-530-392,10.0,672,672,train
4E_1AB1rsSw#000509#000674,0,0,251-60-674-483,10.0,864,864,train
PVXQUItNEDQ#012524#012939,0,0,163-21-471-328,10.0,672,672,train
ddw1_3ZVjTE#006951#007207,0,0,141-32-473-364,10.0,640,640,train
YUUP2MMz7PU#003555#003686,0,0,242-49-652-458,10.0,832,832,train
-eBUcBfkVCo#046758#046901,0,0,124-7-464-347,10.0,592,592,train
xDKth-qS8Jk#019917#020109,0,0,213-22-789-598,10.0,1024,1024,train
yLfCCcVDUiU#005261#005463,0,0,150-43-499-392,10.0,704,704,train
U51MSK6nSQE#009261#009551,0,0,220-57-673-510,10.0,880,880,train
zfbigT9I0Qg#006723#006933,0,0,283-54-736-507,10.0,928,928,train
phgjouv0BUA#020509#020703,0,0,215-45-589-420,10.0,752,752,train
iMFJef3xnmg#017073#017268,0,0,252-47-684-479,10.0,864,864,train
GIrfNWed1Mk#009269#009486,0,0,260-55-730-525,10.0,944,944,train
i2l9v_seHCc#015736#016025,0,0,295-37-733-475,10.0,912,912,train
idfv7Lw4Y_s#013853#014130,0,0,203-51-726-574,10.0,1040,1040,train
uXrCeiQxWyc#001156#001392,0,0,279-12-765-499,10.0,848,848,train
360bU-vBJOI#015287#015464,0,0,242-44-668-470,10.0,864,864,train
9A7_xCrgX1U#019079#019270,0,0,220-48-728-556,10.0,992,992,train
1AT5klu_yAQ#013167#013330,0,0,214-58-679-522,10.0,928,928,train
e-BZigXlphY#015854#016226,0,0,191-38-512-359,10.0,656,656,train
UoMpbL_Fsig#000532#000720,0,0,177-44-491-358,10.0,672,672,train
ONs9FCY74p0#020110#020295,0,0,273-60-725-512,10.0,912,912,train
eaCrsBtiYA4#018951#019400,0,0,177-66-708-598,10.0,1040,1040,train
BzeTjn0R2VY#018010#018206,0,0,239-5-848-614,10.0,1024,1024,train
2paoNvG5Nmo#049057#049289,0,0,224-47-634-457,10.0,832,832,train
360bU-vBJOI#012867#013032,0,0,205-52-630-477,10.0,864,864,train
2IFa0tqHrwE#006921#007133,0,0,217-37-616-435,10.0,736,736,train
4E_1AB1rsSw#010714#010884,0,0,250-30-731-511,10.0,928,928,train
uXrCeiQxWyc#010839#011019,0,0,249-49-723-523,10.0,960,960,train
0gks6ceq4eQ#017414#017568,0,0,247-43-763-560,10.0,1024,1024,train
ERSZb2wHFDw#011903#012049,0,0,250-55-677-482,10.0,912,912,train
U51MSK6nSQE#012982#013375,0,0,239-50-702-512,10.0,880,880,train
BzeTjn0R2VY#020243#020385,0,0,212-57-702-548,10.0,1008,1008,train
bNpx7gpSqbY#008243#008415,0,0,164-5-567-408,10.0,704,704,train
cgxZ4H3gJ8c#015037#015423,0,0,129-23-490-384,10.0,672,672,train
raCIUeGUr3s#000828#000962,0,0,169-35-479-345,10.0,640,640,train
tb-WdVA4_bo#005510#005673,0,0,167-36-503-372,10.0,688,688,train
I3BJVaioX_k#018895#019194,0,0,239-74-756-591,10.0,1056,1056,train
3zJHwOwirjA#006829#007078,0,0,180-45-548-413,10.0,736,736,train
t0Cr64zCc38#016937#017181,0,0,265-32-768-535,10.0,928,928,train
iMFJef3xnmg#024671#025227,0,0,152-28-615-492,10.0,848,848,train
PJLT0cAPNfs#004731#004905,0,0,251-55-702-506,10.0,928,928,train
LnJwH_PZXnM#020609#020825,0,0,291-53-759-522,10.0,992,992,train
77HUdJ7Tij0#007186#007316,0,0,276-54-722-500,10.0,944,944,train
BzeTjn0R2VY#013774#013980,0,0,221-3-802-584,10.0,992,992,train
iMFJef3xnmg#000891#001078,0,0,203-25-663-485,10.0,848,848,train
zbHe4RpgV80#007350#007492,0,0,203-15-614-426,10.0,752,752,train
fO2htapfNhA#014908#015079,0,0,224-38-740-553,10.0,1040,1040,train
RcGyVTAoXEU#010100#010243,0,0,200-57-547-404,10.0,720,720,train
hU-aTB-heU0#017365#017560,0,0,154-32-493-371,10.0,704,704,train
vQILP19qABk#009286#009565,0,0,166-18-502-355,10.0,624,624,train
1fZ915L1w7I#011968#012149,0,0,162-3-565-407,10.0,704,704,train
lyR-K2CZIHQ#005664#005906,0,0,139-28-496-385,10.0,688,688,train
I3BJVaioX_k#020337#020686,0,0,266-62-791-587,10.0,1008,1008,train
4E_1AB1rsSw#010112#010411,0,0,235-66-704-535,10.0,960,960,train
0JGarsZE1rk#018217#018408,0,0,204-56-737-589,10.0,1072,1072,train
4E_1AB1rsSw#006255#006461,0,0,241-60-709-529,10.0,944,944,train
g2m97gPI70I#005586#005728,0,0,98-29-428-359,10.0,656,656,train
-eBUcBfkVCo#046901#047078,0,0,97-33-438-374,10.0,608,608,train
3lVNA4aF1lg#006525#006791,0,0,358-66-873-580,10.0,1040,1040,train
1k89OTpDvIU#005282#005447,0,0,196-50-554-408,10.0,720,720,train
cZe3zcNoIKk#003813#003988,0,0,284-41-838-594,10.0,976,976,train
UoMpbL_Fsig#000780#000962,0,0,184-48-495-359,10.0,672,672,train
ON4iy8hq2hM#011970#012110,0,0,229-43-675-490,10.0,880,880,train
6wNif5SlN08#011660#011924,0,0,184-28-525-369,10.0,640,640,train
U51MSK6nSQE#005486#005673,0,0,206-70-641-505,10.0,912,912,train
yNhu0MG_2MA#014024#014297,0,0,290-27-794-531,10.0,960,960,train
y7l5QHRY_AI#007139#007386,0,0,174-31-534-391,10.0,688,688,train
tbvUCrS5_5I#004632#004773,0,0,291-54-791-554,10.0,1008,1008,train
vQILP19qABk#013867#014019,0,0,123-36-435-348,10.0,624,624,train
VJoQj00RZHg#007527#007692,0,0,166-32-478-344,10.0,624,624,train
pxEcvU0Vp_M#006057#006264,0,0,147-6-542-401,10.0,704,704,train
LcNvkhS4UYg#010842#010979,0,0,227-45-588-405,10.0,752,752,train
iFTWM7HV2UI#018446#018693,0,0,216-50-758-592,10.0,1040,1040,train
4E_1AB1rsSw#004064#004342,0,0,227-44-677-494,10.0,896,896,train
MB5IX-np5fE#028992#029145,0,0,232-48-721-537,10.0,960,960,train
YUUP2MMz7PU#002609#002952,0,0,228-44-643-459,10.0,832,832,train
TLZ6W-Nqv1I#017442#017593,0,0,275-75-762-562,10.0,1008,1008,train
kmbui1xF8DE#015953#016213,0,0,133-23-680-570,10.0,976,976,train
rToBZSrxjgM#002341#002472,0,0,177-35-518-376,10.0,688,688,train
B43f89Y9f-A#014203#014426,0,0,188-24-585-422,10.0,768,768,train
BzeTjn0R2VY#005198#005382,0,0,168-54-741-627,10.0,1072,1072,train
27lMmdmy-b8#009976#010272,0,0,124-33-485-393,10.0,704,704,train
yhMi0tkYyT8#019941#020307,0,0,137-31-490-383,10.0,704,704,train
RovaUZY3e8k#002916#003169,0,0,164-6-581-424,10.0,704,704,train
1fZ915L1w7I#000554#000752,0,0,202-29-648-475,10.0,912,912,train
kaU7IPlg9PA#003917#004190,0,0,323-47-766-490,10.0,896,896,train
oGlsUYGMYks#002271#002455,0,0,161-45-505-389,10.0,688,688,train
yNhu0MG_2MA#016183#016544,0,0,320-60-805-545,10.0,1008,1008,train
vPn94XAUBoo#001562#001821,0,0,181-39-530-389,10.0,704,704,train
yLfCCcVDUiU#007354#007607,0,0,231-54-604-427,10.0,784,784,train
YUUP2MMz7PU#003692#003821,0,0,224-38-635-450,10.0,832,832,train
U51MSK6nSQE#000959#001199,0,0,223-60-678-514,10.0,896,896,train
iMFJef3xnmg#000541#000795,0,0,256-43-699-485,10.0,848,848,train
iFTWM7HV2UI#013431#013905,0,0,199-61-656-518,10.0,976,976,train
iMFJef3xnmg#021011#021913,0,0,217-43-663-489,10.0,832,832,train
F3mzS32SH2Q#015905#016083,0,0,190-46-556-412,10.0,784,784,train
Pl8OlkkwRpc#005097#005341,0,0,180-43-512-376,10.0,688,688,train
pxEcvU0Vp_M#021526#021722,0,0,159-29-510-379,10.0,704,704,train
iFTWM7HV2UI#010355#010616,0,0,279-54-747-522,10.0,1008,1008,train
jAw8t2g-eVU#008276#008728,0,0,189-52-674-536,10.0,976,976,train
VMXdSkW6hns#012546#012870,0,0,263-18-788-543,10.0,1040,1040,train
eaCrsBtiYA4#010465#010784,0,0,140-19-666-545,10.0,976,976,train
2VBkDNzeRZM#004732#004938,0,0,122-35-701-615,10.0,1008,1008,train
wYb3Wimn01s#000402#000534,0,0,315-66-797-549,10.0,960,960,train
bGUVQaBdxKw#013965#014129,0,0,310-52-780-522,10.0,976,976,train
tuvxXnQrRv8#012883#013120,0,0,188-25-665-502,10.0,880,880,train
Juc_yvEkJuc#006698#006833,0,0,287-32-823-568,10.0,960,960,train
x95nwilkaio#010794#011010,0,0,168-19-516-367,10.0,608,608,train
YUUP2MMz7PU#004967#005164,0,0,202-39-619-456,10.0,832,832,train
ER0G2S9r7aE#011569#011705,0,0,271-65-709-503,10.0,912,912,train
0gks6ceq4eQ#014103#014264,0,0,254-48-764-557,10.0,1024,1024,train
CTn0HYmMAYM#012038#012321,0,0,162-4-657-499,10.0,896,896,train
zbHe4RpgV80#020694#021047,0,0,113-30-518-435,10.0,752,752,train
NAkkckxE9i8#006097#006283,0,0,160-33-472-346,10.0,608,608,train
501FEzbB1JI#007406#007594,0,0,77-18-435-376,10.0,640,640,train
SF9qq6vQ3Pg#012614#012762,0,0,304-69-736-500,10.0,928,928,train
iMFJef3xnmg#004140#004584,0,0,174-37-621-484,10.0,848,848,train
77HUdJ7Tij0#013225#013483,0,0,278-59-769-550,10.0,992,992,train
kmbui1xF8DE#002148#002395,0,0,162-18-741-598,10.0,1024,1024,train
2Brajdazp1o#011560#011741,0,0,150-48-500-398,10.0,688,688,train
TS6lFDVR-3g#009188#009767,0,0,73-0-405-330,10.0,576,576,train
B43f89Y9f-A#014427#014653,0,0,198-51-588-441,10.0,800,800,train
-7ORAKULel4#019858#020076,0,0,155-25-629-499,10.0,864,864,train
9EVEmZ2c_es#013627#013824,0,0,92-20-447-375,10.0,640,640,train
pxEcvU0Vp_M#002773#003073,0,0,188-39-534-384,10.0,720,720,train
ERSZb2wHFDw#002886#003100,0,0,186-42-642-497,10.0,912,912,train
zMWYQRKuc5M#020879#021008,0,0,186-36-504-354,10.0,672,672,train
oGlsUYGMYks#011880#012201,0,0,165-8-556-399,10.0,656,656,train
fWqKalpYgLo#001296#001455,0,0,245-46-645-446,10.0,848,848,train
g3vSYbT1Aco#017247#017381,0,0,255-50-738-533,10.0,944,944,train
ZCRC5_0kfiw#010674#010852,0,0,188-45-528-386,10.0,704,704,train
rftagV38YKY#012970#013145,0,0,184-41-517-374,10.0,704,704,train
BXlnrFpCu0c#026558#026762,0,0,139-46-449-356,10.0,656,656,train
fO2htapfNhA#010834#011101,0,0,228-46-738-556,10.0,1024,1024,train
g3vSYbT1Aco#012113#012300,0,0,141-16-666-541,10.0,944,944,train
2paoNvG5Nmo#018161#018303,0,0,106-10-609-514,10.0,864,864,train
JKS7HWy2TRU#001690#002062,0,0,177-25-640-488,10.0,864,864,train
y7l5QHRY_AI#000587#001006,0,0,153-32-518-397,10.0,688,688,train
-H1tUMRJoeo#001296#001442,0,0,215-42-741-569,10.0,1040,1040,train
CsECS5qsGLs#005768#005922,0,0,204-38-529-364,10.0,672,672,train
Cr1usGUSuL4#007426#007555,0,0,106-31-459-383,10.0,656,656,train
iFTWM7HV2UI#006125#006435,0,0,218-5-847-634,10.0,1024,1024,train
i-icXZ2tMRM#012258#012558,0,0,114-10-430-326,10.0,608,608,train
UQzvNIIMayo#008793#009029,0,0,315-47-867-599,10.0,1056,1056,train
oGlsUYGMYks#015430#015725,0,0,158-34-499-375,10.0,672,672,train
RDIy58g9n2k#007326#007494,0,0,176-48-495-367,10.0,688,688,train
U4gR_cd6xOc#003971#004121,0,0,244-85-687-528,10.0,1040,1040,train
tuvxXnQrRv8#003137#003330,0,0,196-43-677-524,10.0,928,928,train
QeIrdqU0o9s#005982#006229,0,0,182-48-495-361,10.0,656,656,train
v3-ZTqj2_kw#023193#023383,0,0,142-27-487-372,10.0,688,688,train
r-YXvkWLy-g#007151#007366,0,0,179-53-670-544,10.0,976,976,train
Xb1Wq4NA290#013417#013602,0,0,296-48-747-499,10.0,1024,1024,train
yjYrxcGSWX4#007930#008096,0,0,165-36-564-436,10.0,736,736,train
cK74vhqzeeQ#001775#002079,0,0,174-35-527-387,10.0,672,672,train
iMFJef3xnmg#001766#001895,0,0,160-45-593-478,10.0,848,848,train
yNhu0MG_2MA#001526#001929,0,0,276-50-751-525,10.0,976,976,train
1N39Z0ODeME#008820#009044,0,0,69-10-385-325,10.0,560,560,train
-nKdufEaL8k#001783#001933,0,0,214-62-605-453,10.0,832,832,train
eemOZfsrKdg#001065#001255,0,0,292-58-682-449,10.0,832,832,train
501FEzbB1JI#010268#010443,0,0,59-12-444-398,10.0,656,656,train
srhCnPUmJDI#014813#014969,0,0,180-47-708-575,10.0,1024,1024,train
uuatZO76MgQ#002428#002636,0,0,224-54-710-540,10.0,1024,1024,train
lV3trdyDdHE#016576#016818,0,0,108-7-515-414,10.0,704,704,train
j-S03JfgHEA#002604#002742,0,0,150-17-488-354,10.0,656,656,train
3lVNA4aF1lg#002338#002554,0,0,268-49-769-550,10.0,960,960,train
QeIrdqU0o9s#005459#005642,0,0,201-29-550-378,10.0,656,656,train
AHV_BxlNzmM#017655#017839,0,0,149-45-489-385,10.0,688,688,train
eemOZfsrKdg#010670#010973,0,0,225-24-701-500,10.0,848,848,train
2Euof4PnjDk#011683#011931,0,0,164-3-505-343,10.0,592,592,train
9KvZy09vaNg#012208#012365,0,0,173-20-603-451,10.0,816,816,train
xv4_L5zlYaA#015194#015386,0,0,243-58-662-477,10.0,864,864,train
zpjxElfNpks#010561#010716,0,0,114-0-585-470,10.0,752,752,train
cgxZ4H3gJ8c#016105#016318,0,0,133-9-494-370,10.0,656,656,train
iB4MS1hsWXU#011324#011469,0,0,298-58-853-614,10.0,1024,1024,train
d6NKdnZvdoo#010763#010949,0,0,215-50-544-379,10.0,704,704,train
3wxBTEo8-T8#006514#006682,0,0,151-44-464-357,10.0,640,640,train
54ST8bwOVyc#003983#004116,0,0,186-3-642-460,10.0,848,848,train
bCucggordMM#011903#012040,0,0,204-54-654-504,10.0,864,864,train
y7l5QHRY_AI#002445#002710,0,0,169-45-529-404,10.0,720,720,train
iFTWM7HV2UI#002425#002700,0,0,204-37-742-575,10.0,1008,1008,train
yLfCCcVDUiU#014401#014559,0,0,173-36-523-386,10.0,688,688,train
QeIrdqU0o9s#007820#007991,0,0,218-14-575-371,10.0,656,656,train
g9M3HIjHuq0#011056#011237,0,0,192-25-531-364,10.0,656,656,train
2ju61VPdTzw#021138#021274,0,0,124-34-441-350,10.0,688,688,train
2paoNvG5Nmo#052760#052890,0,0,121-27-559-465,10.0,800,800,train
raCIUeGUr3s#018608#018808,0,0,194-34-511-351,10.0,656,656,train
srhCnPUmJDI#005584#005740,0,0,323-48-849-575,10.0,1040,1040,train
qH4GAXXH29s#004171#004348,0,0,182-36-569-423,10.0,688,688,train
ONs9FCY74p0#020805#020938,0,0,256-50-699-493,10.0,896,896,train
0DHywidLX6A#004696#004898,0,0,232-68-698-534,10.0,1008,1008,train
BXlnrFpCu0c#007692#008093,0,0,138-37-447-346,10.0,640,640,train
RZgkjEdMbSw#002878#003025,0,0,261-51-727-518,10.0,944,944,train
iFTWM7HV2UI#027461#027836,0,0,257-71-763-577,10.0,1056,1056,train
uXrCeiQxWyc#014653#014819,0,0,218-47-680-509,10.0,928,928,train
360bU-vBJOI#009474#009620,0,0,194-32-671-509,10.0,896,896,train
wYb3Wimn01s#003364#003510,0,0,281-55-799-573,10.0,1056,1056,train
4E_1AB1rsSw#016185#016451,0,0,251-64-716-529,10.0,944,944,train
Juc_yvEkJuc#001721#001946,0,0,186-51-681-546,10.0,944,944,train
iMFJef3xnmg#014145#014649,0,0,188-33-652-497,10.0,864,864,train
HCgv_HNoJrY#006985#007172,0,0,161-48-504-391,10.0,704,704,train
t0Cr64zCc38#005724#005936,0,0,162-27-662-527,10.0,928,928,train
oGlsUYGMYks#010112#010275,0,0,178-42-525-389,10.0,688,688,train
I3BJVaioX_k#015742#015941,0,0,196-40-745-590,10.0,992,992,train
oGlsUYGMYks#012737#012897,0,0,112-21-473-382,10.0,672,672,train
8Dv2Hdf5TRg#005670#005856,0,0,208-46-543-381,10.0,672,672,train
zbHe4RpgV80#003048#003221,0,0,124-22-515-413,10.0,720,720,train
1AT5klu_yAQ#010294#010479,0,0,193-38-692-537,10.0,928,928,train
FDhlOovaGrI#020017#020178,0,0,184-27-538-381,10.0,688,688,train
DhnBn_c9f8Q#003002#003228,0,0,232-64-723-555,10.0,992,992,train
9RTkZaX1cH0#010065#010291,0,0,112-27-463-378,10.0,608,608,train
rYwTA5RA9eU#008589#008721,0,0,201-41-530-369,10.0,656,656,train
gWPFJgLAzu4#015751#015952,0,0,171-13-541-383,10.0,672,672,train
9EVEmZ2c_es#008486#008868,0,0,168-29-541-401,10.0,704,704,train
VJoQj00RZHg#005864#006113,0,0,121-30-457-366,10.0,640,640,train
ER15KmrB8h8#002508#002709,0,0,199-46-755-602,10.0,1040,1040,train
PJLT0cAPNfs#007392#007627,0,0,254-58-696-499,10.0,912,912,train
lV3trdyDdHE#013121#013308,0,0,198-36-539-377,10.0,688,688,train
Hh09xlzxRmE#008629#008818,0,0,187-36-541-391,10.0,704,704,train
27lMmdmy-b8#006544#006705,0,0,152-39-515-401,10.0,720,720,train
U4gR_cd6xOc#008750#009090,0,0,118-39-612-533,10.0,976,976,train
ERSZb2wHFDw#003624#003897,0,0,239-47-686-494,10.0,928,928,train
2IFa0tqHrwE#000878#001063,0,0,217-21-611-415,10.0,720,720,train
gJzSWacrkKo#005298#005427,0,0,294-78-758-542,10.0,1024,1024,train
Juc_yvEkJuc#003099#003249,0,0,270-35-760-525,10.0,880,880,train
zbHe4RpgV80#019622#019887,0,0,163-24-616-477,10.0,784,784,train
oGlsUYGMYks#004524#004665,0,0,150-45-488-383,10.0,672,672,train
4CGFPbFqdJ4#006370#006664,0,0,290-53-783-545,10.0,1024,1024,train
FDhlOovaGrI#010929#011233,0,0,142-34-492-384,10.0,688,688,train
TLZ6W-Nqv1I#018766#018985,0,0,297-70-743-516,10.0,1008,1008,train
fO2htapfNhA#000496#000626,0,0,182-16-733-567,10.0,1024,1024,train
UoMpbL_Fsig#007884#008028,0,0,164-39-508-383,10.0,720,720,train
08z_xW-szwM#005044#005209,0,0,193-51-585-443,10.0,832,832,train
EEjyPqyFe_s#018650#018899,0,0,171-7-528-365,10.0,672,672,train
360bU-vBJOI#001258#001545,0,0,143-17-636-510,10.0,864,864,train
U51MSK6nSQE#007802#008074,0,0,279-60-733-513,10.0,896,896,train
FauPVZxDXxk#007454#007671,0,0,171-43-509-380,10.0,688,688,train
GwRzjFQa_Og#006775#007595,0,0,266-62-806-601,10.0,1072,1072,train
2_0aEezKvBE#002811#002945,0,0,151-35-467-351,10.0,656,656,train
hs-YuHv0vUk#005291#005450,0,0,252-64-780-592,10.0,1072,1072,train
srhCnPUmJDI#004349#004503,0,0,307-21-834-548,10.0,944,944,train
tFfYh9THuGo#014095#014334,0,0,138-42-639-543,10.0,912,912,train
y8ohTeRKVqs#014302#014513,0,0,210-37-742-568,10.0,1040,1040,train
BzeTjn0R2VY#001029#001183,0,0,270-46-787-562,10.0,1024,1024,train
2VBkDNzeRZM#000895#001218,0,0,266-55-778-567,10.0,992,992,train
ni4FV5zL6lM#004609#004750,0,0,140-42-510-413,10.0,704,704,train
MB5IX-np5fE#029422#029598,0,0,214-51-692-528,10.0,960,960,train
TdQ1eaZH-J8#002328#002538,0,0,173-36-493-356,10.0,656,656,train
TLZ6W-Nqv1I#018582#018765,0,0,139-3-737-601,10.0,992,992,train
yhMi0tkYyT8#003868#004037,0,0,198-48-517-367,10.0,704,704,train
Kv0Xz0lMKDQ#004906#005347,0,0,220-31-697-508,10.0,912,912,train
3NdSVi38RM8#005706#005978,0,0,95-17-421-343,10.0,592,592,train
16p9YRF0l-g#008670#008827,0,0,186-26-546-386,10.0,704,704,train
fwvbx80QidM#003253#003524,0,0,327-53-843-569,10.0,1008,1008,train
b2Jv8vC-m3g#002261#002415,0,0,308-51-802-545,10.0,976,976,train
fO2htapfNhA#004109#004335,0,0,261-44-759-543,10.0,1040,1040,train
hU-aTB-heU0#002405#002552,0,0,191-47-533-389,10.0,720,720,train
ygxh6KR4BPk#001438#001574,0,0,277-2-855-580,10.0,1008,1008,train
ClfBxWPkBKU#014665#015393,0,0,181-29-534-382,10.0,704,704,train
hJnEQCMA5Sg#008095#008256,0,0,158-32-468-342,10.0,624,624,train
cK74vhqzeeQ#012425#012799,0,0,129-25-469-365,10.0,656,656,train
vC1uxXvPG0Q#014388#014621,0,0,167-41-476-350,10.0,688,688,train
Kv0Xz0lMKDQ#014014#014209,0,0,321-39-812-530,10.0,960,960,train
xnfEBUI_YTE#012337#012493,0,0,218-53-685-520,10.0,960,960,train
oEIYHTlbeLA#006578#006716,0,0,133-42-470-379,10.0,656,656,train
5bXiuSrZUKg#021583#021739,0,0,47-1-473-427,10.0,688,688,train
7Q59suYxIec#010991#011156,0,0,220-26-689-495,10.0,880,880,train
YUUP2MMz7PU#008145#008499,0,0,212-38-631-457,10.0,832,832,train
CXvUdCdKTJY#005931#006095,0,0,219-47-546-374,10.0,688,688,train
U51MSK6nSQE#003538#003816,0,0,238-50-711-523,10.0,896,896,train
5MuIMqhT8DM#021992#022166,0,0,135-7-677-549,10.0,976,976,train
iwUkbi4_wWo#011939#012086,0,0,286-45-789-548,10.0,960,960,train
8v_GrrQs8ow#015456#015661,0,0,212-24-568-380,10.0,688,688,train
4E_1AB1rsSw#001526#001706,0,0,232-65-666-499,10.0,896,896,train
wzjVT07bcYA#010698#010878,0,0,280-64-741-524,10.0,944,944,train
fO2htapfNhA#008980#009184,0,0,357-50-851-543,10.0,1056,1056,train
DsrxbqFo41k#019914#020055,0,0,66-1-443-378,10.0,608,608,train
7Lc_dlVrg5M#026555#026698,0,0,141-15-453-328,10.0,576,576,train
MB5IX-np5fE#005089#005233,0,0,199-42-725-568,10.0,976,976,train
dO1LxQEoGLc#013098#013461,0,0,226-40-623-436,10.0,768,768,train
BzeTjn0R2VY#023005#023200,0,0,208-55-734-581,10.0,1008,1008,train
JKsHhXwqDqM#030363#030585,0,0,128-12-455-340,10.0,640,640,train
g9M3HIjHuq0#013635#013782,0,0,196-18-555-377,10.0,656,656,train
kaU7IPlg9PA#005940#006114,0,0,283-57-715-490,10.0,912,912,train
oXeAWdHP0uY#006555#006853,0,0,234-34-757-557,10.0,960,960,train
KzIp4IzDPG0#000394#000579,0,0,240-34-778-572,10.0,960,960,train
DBBA2LAsepU#004487#004685,0,0,156-29-635-508,10.0,928,928,train
SF9qq6vQ3Pg#010707#010856,0,0,133-15-678-560,10.0,928,928,train
Ubbmje44gLg#016858#017112,0,0,195-46-563-414,10.0,752,752,train
27lMmdmy-b8#018317#018820,0,0,126-40-475-389,10.0,688,688,train
iqKYtA3pK1c#002587#002882,0,0,213-32-697-516,10.0,960,960,train
lyR-K2CZIHQ#011097#011305,0,0,161-19-476-335,10.0,592,592,train
uXrCeiQxWyc#003978#004217,0,0,228-16-738-526,10.0,912,912,train
KyVSuI6JyOs#020209#020340,0,0,223-48-744-569,10.0,976,976,train
P2AUat93a8Q#016766#016967,0,0,209-45-517-353,10.0,688,688,train
RjquHTj4HlY#018430#018756,0,0,195-12-702-520,10.0,880,880,train
yMWlkJAqKYU#005708#005838,0,0,88-16-414-341,10.0,592,592,train
aTfwA1TaH3Q#008426#008637,0,0,197-52-541-396,10.0,720,720,train
uXrCeiQxWyc#010542#010731,0,0,302-8-864-570,10.0,944,944,train
GIrfNWed1Mk#011411#011696,0,0,288-44-761-517,10.0,928,928,train
aQsOmGflf1o#011747#011884,0,0,213-41-610-438,10.0,800,800,train
360bU-vBJOI#017243#017480,0,0,243-26-714-497,10.0,864,864,train
xDKth-qS8Jk#006056#006206,0,0,267-46-743-522,10.0,960,960,train
CZNrOzgNWf4#008518#008650,0,0,212-32-541-361,10.0,672,672,train
O13KwsyDqeE#026321#026512,0,0,132-28-488-384,10.0,672,672,train
i2l9v_seHCc#011649#011793,0,0,275-66-710-501,10.0,912,912,train
oGlsUYGMYks#004000#004134,0,0,166-12-513-359,10.0,656,656,train
kSR8G8mfp84#010386#010553,0,0,183-29-527-374,10.0,672,672,train
1g-1_Y3fvUg#008302#008433,0,0,287-59-773-545,10.0,1024,1024,train
9RTkZaX1cH0#002602#002768,0,0,134-43-467-376,10.0,608,608,train
3VTsIju1dLI#010817#011015,0,0,292-39-805-553,10.0,1008,1008,train
zbHe4RpgV80#026249#026379,0,0,182-36-562-417,10.0,720,720,train
ClfBxWPkBKU#015449#015598,0,0,167-34-515-382,10.0,720,720,train
iFTWM7HV2UI#024229#024550,0,0,277-66-769-557,10.0,1024,1024,train
TLZ6W-Nqv1I#003016#003387,0,0,254-49-743-538,10.0,1024,1024,train
-nKdufEaL8k#000454#000730,0,0,233-66-619-452,10.0,848,848,train
ERSZb2wHFDw#000865#001129,0,0,226-50-658-482,10.0,896,896,train
P2AUat93a8Q#020587#020761,0,0,228-35-551-358,10.0,688,688,train
RKK7wGAYP6k#002345#002491,0,0,228-39-721-532,10.0,1024,1024,train
sNQfoYm3WI0#001946#002147,0,0,238-2-665-429,10.0,768,768,train
DzNN_4rcIjs#009734#010104,0,0,107-8-442-342,10.0,576,576,train
kdqUhTnAgJU#009444#009587,0,0,201-46-529-374,10.0,704,704,train
lhP52caGW6s#000835#001058,0,0,189-14-575-399,10.0,720,720,train
Ds_rzoyyfF0#010122#010297,0,0,213-31-585-403,10.0,704,704,train
87qLWFZManA#010325#010469,0,0,231-52-714-534,10.0,992,992,train
srhCnPUmJDI#005400#005561,0,0,311-51-818-557,10.0,1024,1024,train
B43f89Y9f-A#012764#012911,0,0,197-28-598-429,10.0,784,784,train
UxLRv0FEndM#004055#004197,0,0,58-1-385-328,10.0,560,560,train
Xb1Wq4NA290#005032#005283,0,0,305-56-753-504,10.0,1024,1024,train
GIrfNWed1Mk#006437#006574,0,0,259-46-728-516,10.0,928,928,train
1g-1_Y3fvUg#008445#008604,0,0,230-47-731-547,10.0,1008,1008,train
HI7zfpitZpo#015101#015257,0,0,216-33-591-408,10.0,704,704,train
iMFJef3xnmg#030251#030463,0,0,129-25-613-509,10.0,848,848,train
GwRzjFQa_Og#017002#017601,0,0,318-57-858-597,10.0,1072,1072,train
1AT5klu_yAQ#007902#008045,0,0,220-52-676-508,10.0,912,912,train
i2l9v_seHCc#015106#015294,0,0,300-60-729-489,10.0,944,944,train
kmbui1xF8DE#005890#006031,0,0,170-34-692-556,10.0,976,976,train
a63t8r70QN0#021652#021817,0,0,183-48-527-391,10.0,672,672,train
6iM6M_7wBMc#001586#001872,0,0,293-73-791-571,10.0,1056,1056,train
HzAtOyw6ACw#013374#013694,0,0,311-70-803-562,10.0,1024,1024,train
NoCOagL69_s#013330#013491,0,0,153-36-477-360,10.0,688,688,train
51k3UASQE5E#013143#013291,0,0,153-39-569-454,10.0,848,848,train
kLIfeGflNp8#017580#017740,0,0,156-28-465-336,10.0,608,608,train
iMFJef3xnmg#027492#027819,0,0,208-6-736-534,10.0,864,864,train
PY9DcIMGxMs#004170#004458,0,0,129-20-516-408,10.0,688,688,train
PrUA8L40Dic#003009#003139,0,0,186-49-747-610,10.0,1056,1056,train
EjSuaeVfE9I#017823#017953,0,0,164-20-478-333,10.0,656,656,train
uTL9tm7S1Io#008277#008561,0,0,145-6-486-347,10.0,608,608,train
BltRufe5kkI#002395#002555,0,0,226-70-670-514,10.0,928,928,train
Ubbmje44gLg#009773#009946,0,0,195-44-567-416,10.0,752,752,train
ER15KmrB8h8#000643#000799,0,0,283-50-794-560,10.0,1008,1008,train
pyFcr2WcOyo#007334#007524,0,0,207-61-574-428,10.0,832,832,train
CXvUdCdKTJY#008503#008648,0,0,203-43-528-368,10.0,672,672,train
yNhu0MG_2MA#012473#012938,0,0,282-65-760-543,10.0,992,992,train
Juc_yvEkJuc#009008#009193,0,0,228-0-853-624,10.0,1008,1008,train
HI7zfpitZpo#006547#006782,0,0,177-41-536-400,10.0,688,688,train
7G4WI4oTC5A#022837#023077,0,0,179-17-741-579,10.0,976,976,train
y7l5QHRY_AI#006162#006621,0,0,142-28-498-384,10.0,688,688,train
A2DzsgJSwcc#008903#009046,0,0,284-48-746-511,10.0,1008,1008,train
3zJHwOwirjA#006672#006829,0,0,208-57-608-457,10.0,832,832,train
4R3gFN8sUa8#001178#001328,0,0,237-73-738-574,10.0,1040,1040,train
tb-WdVA4_bo#008058#008225,0,0,117-36-457-376,10.0,672,672,train
eemOZfsrKdg#011777#011954,0,0,190-50-618-478,10.0,880,880,train
08z_xW-szwM#012590#012788,0,0,186-56-553-423,10.0,800,800,train
hU-aTB-heU0#001360#001503,0,0,235-65-731-560,10.0,1008,1008,train
y7l5QHRY_AI#002159#002351,0,0,137-39-490-392,10.0,704,704,train
_GMVTJ9ZKVc#005372#005533,0,0,221-30-580-388,10.0,704,704,train
vQILP19qABk#002812#002959,0,0,193-1-551-358,10.0,592,592,train
TLZ6W-Nqv1I#010662#010878,0,0,197-41-639-482,10.0,896,896,train
QPiaadMporw#008925#009055,0,0,162-27-501-365,10.0,704,704,train
-vqV-gHa2FE#006453#006717,0,0,177-23-540-386,10.0,656,656,train
tFfYh9THuGo#014861#015017,0,0,210-52-648-490,10.0,896,896,train
77HUdJ7Tij0#008006#008207,0,0,252-45-704-496,10.0,944,944,train
cC0KxNeLp1E#002385#002543,0,0,158-37-497-376,10.0,688,688,train
xHHb7R3kx40#017134#017281,0,0,279-46-743-509,10.0,1024,1024,train
LnJwH_PZXnM#021765#022074,0,0,193-25-760-592,10.0,944,944,train
ER15KmrB8h8#013352#013527,0,0,205-69-722-586,10.0,1056,1056,train
aI8KiPiVLyY#014355#014839,0,0,131-0-519-388,10.0,624,624,train
DhnBn_c9f8Q#005403#005589,0,0,269-68-743-542,10.0,992,992,train
guXxy8LH2QM#008246#008417,0,0,246-51-684-489,10.0,928,928,train
7Lc_dlVrg5M#023285#023413,0,0,153-9-499-356,10.0,592,592,train
eemOZfsrKdg#006510#006666,0,0,154-49-558-453,10.0,832,832,train
PJLT0cAPNfs#010075#010374,0,0,234-62-677-505,10.0,928,928,train
YUUP2MMz7PU#006534#007059,0,0,217-47-636-466,10.0,848,848,train
2paoNvG5Nmo#044332#044592,0,0,112-7-629-524,10.0,848,848,train
xv4_L5zlYaA#012043#012227,0,0,169-46-617-494,10.0,880,880,train
oGlsUYGMYks#014723#014875,0,0,93-12-505-424,10.0,688,688,train
51k3UASQE5E#006415#006658,0,0,158-37-596-475,10.0,864,864,train
cK74vhqzeeQ#002949#003251,0,0,172-44-495-366,10.0,672,672,train
4E_1AB1rsSw#005649#005841,0,0,247-60-708-521,10.0,928,928,train
9alL95G293s#006729#006873,0,0,333-16-884-566,10.0,992,992,train
xDKth-qS8Jk#020110#020478,0,0,238-25-804-591,10.0,992,992,train
pxEcvU0Vp_M#029640#029791,0,0,213-25-541-353,10.0,672,672,train
iFTWM7HV2UI#007168#007474,0,0,299-62-804-567,10.0,1040,1040,train
y7l5QHRY_AI#012051#012267,0,0,174-37-524-387,10.0,688,688,train
5MuIMqhT8DM#003969#004099,0,0,256-56-809-610,10.0,1056,1056,train
cK74vhqzeeQ#029350#029504,0,0,170-42-504-376,10.0,688,688,train
501FEzbB1JI#004736#004965,0,0,92-29-431-367,10.0,624,624,train
bWA1gvA5lxU#003611#003801,0,0,285-48-776-538,10.0,960,960,train
jr5mTwfFh00#002750#002896,0,0,188-46-541-400,10.0,736,736,train
idfv7Lw4Y_s#005643#005856,0,0,194-42-720-568,10.0,1040,1040,train
kBBmVezBUkg#002268#002413,0,0,313-39-830-555,10.0,1040,1040,train
iMFJef3xnmg#016662#016900,0,0,162-32-606-477,10.0,832,832,train
aQsOmGflf1o#016408#016602,0,0,207-55-589-436,10.0,816,816,train
FauPVZxDXxk#002089#002296,0,0,183-47-529-394,10.0,720,720,train
9alL95G293s#010973#011104,0,0,56-16-447-407,10.0,688,688,train
IFpK-MqBD5E#008315#008444,0,0,199-39-593-433,10.0,800,800,train
gypAjPp6eps#003126#003378,0,0,143-46-516-419,10.0,688,688,train
yNhu0MG_2MA#006577#007061,0,0,304-47-768-510,10.0,944,944,train
pyFcr2WcOyo#005628#005991,0,0,199-76-574-451,10.0,848,848,train
oGlsUYGMYks#007305#007605,0,0,177-21-525-369,10.0,656,656,train
rtcrqLWZr_0#008160#008422,0,0,237-55-708-527,10.0,992,992,train
0R9zjn9BBvA#007885#008045,0,0,344-52-861-569,10.0,1056,1056,train
fO2htapfNhA#007182#007362,0,0,301-47-807-553,10.0,1024,1024,train
iqKYtA3pK1c#017050#017329,0,0,263-46-750-533,10.0,976,976,train
kdAs3UVgIGg#007967#008110,0,0,257-34-658-436,10.0,784,784,train
fO2htapfNhA#012416#012613,0,0,256-49-772-565,10.0,1040,1040,train
5bXiuSrZUKg#005705#006042,0,0,85-21-459-394,10.0,672,672,train
MB5IX-np5fE#020130#020261,0,0,155-54-640-539,10.0,960,960,train
QPiaadMporw#007015#007172,0,0,171-34-515-378,10.0,704,704,train
w8mToWb9NC8#002079#002372,0,0,184-37-530-383,10.0,720,720,train
v9EKV2nSU8w#012312#012538,0,0,237-3-835-601,10.0,1024,1024,train
S2H_8IfxzT4#005889#006017,0,0,114-21-477-385,10.0,688,688,train
iB4MS1hsWXU#009870#010004,0,0,265-45-670-450,10.0,784,784,train
4CGFPbFqdJ4#005371#005499,0,0,309-48-789-528,10.0,976,976,train
2Euof4PnjDk#010238#010431,0,0,160-10-491-341,10.0,592,592,train
HCgv_HNoJrY#017375#017606,0,0,143-48-487-393,10.0,672,672,train
501FEzbB1JI#008005#008205,0,0,89-32-429-372,10.0,640,640,train
y7l5QHRY_AI#010228#010443,0,0,174-33-519-379,10.0,672,672,train
GIrfNWed1Mk#013049#013340,0,0,259-41-742-524,10.0,928,928,train
eaCrsBtiYA4#013640#013820,0,0,197-54-569-426,10.0,832,832,train
Pl8OlkkwRpc#004491#004704,0,0,194-40-530-376,10.0,688,688,train
CZNrOzgNWf4#008681#008822,0,0,165-0-579-414,10.0,688,688,train
idfv7Lw4Y_s#008604#008915,0,0,348-0-933-585,10.0,1008,1008,train
5ErKrSyUpEo#028084#028318,0,0,232-11-853-631,10.0,1072,1072,train
360bU-vBJOI#004334#004656,0,0,182-41-620-480,10.0,880,880,train
iMFJef3xnmg#009191#009506,0,0,157-37-595-474,10.0,848,848,train
ER15KmrB8h8#004086#004362,0,0,288-51-832-595,10.0,1040,1040,train
QijH4UAqGD8#000314#000467,0,0,162-4-771-613,10.0,1040,1040,train
RKK7wGAYP6k#003580#003754,0,0,327-53-811-537,10.0,1040,1040,train
jAw8t2g-eVU#003656#003975,0,0,241-46-748-553,10.0,1040,1040,train
hU-aTB-heU0#011708#011916,0,0,122-14-501-393,10.0,704,704,train
0R9zjn9BBvA#006194#006354,0,0,312-10-945-643,10.0,1088,1088,train
51k3UASQE5E#002220#002365,0,0,238-56-636-454,10.0,864,864,train
lAzQWtkPzbI#004332#004625,0,0,151-17-464-330,10.0,592,592,train
mLzTo-y8Ef0#009046#009327,0,0,228-34-733-538,10.0,976,976,train
6wNif5SlN08#019941#020104,0,0,131-24-440-334,10.0,592,592,train
P2AUat93a8Q#011367#011521,0,0,205-33-534-363,10.0,688,688,train
lEjegKJwI0M#004691#004896,0,0,207-44-686-523,10.0,960,960,train
hiIcwt88o94#011365#011560,0,0,133-17-444-328,10.0,608,608,train
8Z24LCysq3A#010985#011156,0,0,168-39-523-393,10.0,720,720,train
DOgsYATbV-s#007513#007678,0,0,185-10-517-342,10.0,624,624,train
idfv7Lw4Y_s#010022#010476,0,0,185-49-688-552,10.0,992,992,train
Jc9RdbHEFa0#010035#010186,0,0,132-30-497-394,10.0,688,688,train
LiUClSItcy0#004099#004317,0,0,206-27-524-346,10.0,624,624,train
QeIrdqU0o9s#001540#001710,0,0,204-29-528-353,10.0,656,656,train
a63t8r70QN0#000778#001084,0,0,151-44-557-450,10.0,800,800,train
xDKth-qS8Jk#007409#007689,0,0,169-24-673-528,10.0,912,912,train
QeIrdqU0o9s#014577#014722,0,0,154-18-522-386,10.0,656,656,train
P2AUat93a8Q#015177#015367,0,0,99-13-468-382,10.0,672,672,train
2VBkDNzeRZM#008304#008487,0,0,323-61-853-592,10.0,1008,1008,train
r-YXvkWLy-g#002607#002908,0,0,235-46-731-542,10.0,960,960,train
ni4FV5zL6lM#001731#001884,0,0,147-27-521-401,10.0,672,672,train
_2u_eHHzRto#015410#015606,0,0,154-0-535-380,10.0,640,640,train
9zC2Bc22QfA#005225#005435,0,0,290-68-786-565,10.0,1040,1040,train
t0Cr64zCc38#005043#005193,0,0,222-10-672-461,10.0,784,784,train
jAw8t2g-eVU#011256#011542,0,0,247-42-737-532,10.0,992,992,train
kBBmVezBUkg#002767#003311,0,0,238-41-739-542,10.0,1008,1008,train
Juc_yvEkJuc#012276#012435,0,0,300-14-905-620,10.0,1008,1008,train
cZe3zcNoIKk#004909#005048,0,0,266-45-729-508,10.0,960,960,train
kdqUhTnAgJU#009043#009203,0,0,229-28-564-363,10.0,672,672,train
MB5IX-np5fE#016734#017011,0,0,161-46-651-536,10.0,960,960,train
-2Dj9M71JAc#018345#018501,0,0,160-27-504-371,10.0,672,672,train
uuatZO76MgQ#008004#008184,0,0,288-75-778-565,10.0,1024,1024,train
77HUdJ7Tij0#018050#018284,0,0,167-43-672-548,10.0,1008,1008,train
2ju61VPdTzw#021558#021719,0,0,178-49-488-359,10.0,688,688,train
ER15KmrB8h8#004364#004507,0,0,220-61-735-575,10.0,1040,1040,train
KPNn880KWfU#001045#001186,0,0,168-29-495-356,10.0,688,688,train
hn8N8p9P5gw#020293#020452,0,0,218-53-655-490,10.0,896,896,train
CstD6O95L-o#025087#025332,0,0,223-33-556-367,10.0,688,688,train
B43f89Y9f-A#018832#019074,0,0,210-45-596-431,10.0,768,768,train
yNhu0MG_2MA#017140#017545,0,0,289-47-760-519,10.0,976,976,train
5bXiuSrZUKg#018047#018212,0,0,187-44-536-393,10.0,704,704,train
HCgv_HNoJrY#007885#008024,0,0,187-42-542-397,10.0,688,688,train
I3BJVaioX_k#023940#024085,0,0,299-60-822-583,10.0,1040,1040,train
xHHb7R3kx40#012650#012856,0,0,304-69-769-534,10.0,1056,1056,train
mgcjr1yz7ow#009089#009226,0,0,326-38-883-594,10.0,1072,1072,train
4zLmWpMDY8Q#017493#017716,0,0,152-53-523-424,10.0,752,752,train
jM9Q3xP2iBo#009779#010054,0,0,168-39-539-410,10.0,624,624,train
08z_xW-szwM#002740#003248,0,0,245-41-649-445,10.0,832,832,train
-eBUcBfkVCo#040827#040969,0,0,140-46-456-361,10.0,608,608,train
3m6dV7Xo3Vc#002714#002899,0,0,185-41-503-359,10.0,624,624,train
pyFcr2WcOyo#003963#004272,0,0,211-71-591-451,10.0,848,848,train
_GMVTJ9ZKVc#024344#024566,0,0,228-36-605-414,10.0,720,720,train
DzNN_4rcIjs#017737#018157,0,0,148-17-484-352,10.0,592,592,train
yLfCCcVDUiU#019556#019778,0,0,245-65-647-468,10.0,848,848,train
3-UcGCnJ14c#005226#005359,0,0,194-14-607-427,10.0,752,752,train
o_U-_akINwQ#016275#016443,0,0,225-12-632-419,10.0,688,688,train
bVV2Zk88beY#009085#009400,0,0,175-43-512-379,10.0,688,688,train
Sm5xF-UYgdg#028097#028227,0,0,130-34-451-355,10.0,656,656,train
FhP0AfZdRZ4#001304#001544,0,0,362-96-778-512,10.0,992,992,train
501FEzbB1JI#000474#000620,0,0,174-18-533-377,10.0,640,640,train
0B543Zkqq88#001501#001794,0,0,121-35-672-586,10.0,1024,1024,train
g3vSYbT1Aco#015701#015837,0,0,80-25-638-582,10.0,960,960,train
Cm1Ij-jRhpQ#017133#017334,0,0,320-35-856-571,10.0,1040,1040,train
pyFcr2WcOyo#002005#002344,0,0,189-68-561-439,10.0,832,832,train
1AT5klu_yAQ#013348#013488,0,0,97-1-643-547,10.0,912,912,train
v9EKV2nSU8w#009175#009331,0,0,265-59-771-565,10.0,1040,1040,train
oGlsUYGMYks#010988#011156,0,0,121-17-504-400,10.0,672,672,train
PJLT0cAPNfs#003638#003858,0,0,227-63-656-493,10.0,912,912,train
_GMVTJ9ZKVc#005571#005763,0,0,138-31-499-392,10.0,704,704,train
FDhlOovaGrI#006410#006567,0,0,118-14-504-400,10.0,688,688,train
r-YXvkWLy-g#000688#000839,0,0,137-29-669-561,10.0,944,944,train
kaU7IPlg9PA#001305#001594,0,0,343-68-804-529,10.0,976,976,train
P5Mpo4JQZhw#014685#014882,0,0,175-34-490-349,10.0,688,688,train
87ro2-kT7kQ#008970#009107,0,0,152-11-496-355,10.0,592,592,train
zamvnyBB-SU#002336#002555,0,0,314-20-872-579,10.0,992,992,train
Ubbmje44gLg#013378#013631,0,0,157-33-534-410,10.0,736,736,train
tZYkjaKNr_o#011836#011994,0,0,229-42-572-386,10.0,720,720,train
xDKth-qS8Jk#010004#010156,0,0,284-15-831-562,10.0,976,976,train
dsJWs6Z6eNs#008838#008983,0,0,262-0-799-537,10.0,880,880,train
_ltDJynTduY#027641#027900,0,0,169-42-501-374,10.0,688,688,train
4zLmWpMDY8Q#014283#014520,0,0,163-43-519-400,10.0,720,720,train
w8mToWb9NC8#022789#023007,0,0,184-33-524-374,10.0,704,704,train
95ovIJ3dsNk#005138#005270,0,0,194-17-507-331,10.0,592,592,train
J4r9pgx_95E#005979#006112,0,0,302-59-797-555,10.0,1008,1008,train
501FEzbB1JI#012496#012671,0,0,141-37-503-399,10.0,672,672,train
IFpK-MqBD5E#006644#006818,0,0,142-40-523-420,10.0,768,768,train
4CGFPbFqdJ4#011593#011803,0,0,219-47-704-532,10.0,992,992,train
5MuIMqhT8DM#017795#017936,0,0,182-0-749-568,10.0,1008,1008,train
y1yK36RMyRE#001835#002067,0,0,192-14-764-585,10.0,1024,1024,train
U51MSK6nSQE#000294#000547,0,0,189-48-650-509,10.0,880,880,train
5zWmdHmJMd0#011878#012059,0,0,221-63-763-605,10.0,1056,1056,train
WfTZ5iIUn4s#006178#006319,0,0,179-51-494-366,10.0,704,704,train
O13KwsyDqeE#016325#016461,0,0,209-28-527-346,10.0,656,656,train
27lMmdmy-b8#002064#002457,0,0,131-33-527-430,10.0,704,704,train
yNhu0MG_2MA#017959#018288,0,0,206-44-679-516,10.0,960,960,train
cK74vhqzeeQ#008308#008505,0,0,177-39-497-358,10.0,656,656,train
zORUUqJd81M#003809#003958,0,0,183-9-497-323,10.0,544,544,train
t0Cr64zCc38#016243#016389,0,0,244-51-719-526,10.0,960,960,train
iB4MS1hsWXU#004613#004750,0,0,288-49-756-516,10.0,912,912,train
t0Cr64zCc38#008533#008769,0,0,237-11-741-515,10.0,912,912,train
lyR-K2CZIHQ#004879#005317,0,0,205-4-594-393,10.0,672,672,train
FVUkKKc3Vvk#001811#002180,0,0,170-10-659-498,10.0,832,832,train
501FEzbB1JI#017586#017749,0,0,90-22-464-396,10.0,656,656,train
9alL95G293s#025918#026055,0,0,174-38-550-414,10.0,752,752,train
iMFJef3xnmg#015411#015590,0,0,194-50-609-464,10.0,864,864,train
9EVEmZ2c_es#018671#019115,0,0,161-17-536-392,10.0,688,688,train
u08T3A7slkE#000695#000870,0,0,243-42-793-592,10.0,960,960,train
iw7nPE2jioU#016022#016209,0,0,218-38-666-486,10.0,880,880,train
tb-WdVA4_bo#017076#017452,0,0,104-28-459-383,10.0,688,688,train
pyFcr2WcOyo#000646#000810,0,0,182-70-594-481,10.0,832,832,train
wxStlzunxCw#008846#008987,0,0,125-27-480-382,10.0,688,688,train
0B543Zkqq88#007553#007716,0,0,176-34-714-573,10.0,1024,1024,train
ogCIqaCe2zI#005243#005379,0,0,172-34-664-526,10.0,944,944,train
oGlsUYGMYks#001542#001847,0,0,124-34-478-388,10.0,672,672,train
FauPVZxDXxk#001387#001523,0,0,160-39-499-379,10.0,704,704,train
kvdHqS3ryw0#014488#014788,0,0,226-20-645-439,10.0,800,800,train
CsECS5qsGLs#013979#014117,0,0,180-29-510-359,10.0,656,656,train
F2XPF6rQ6fs#009428#009592,0,0,282-77-774-570,10.0,1056,1056,train
A2DzsgJSwcc#009831#010018,0,0,287-38-793-544,10.0,1008,1008,train
360bU-vBJOI#015956#016115,0,0,242-14-746-518,10.0,864,864,train
XAcARiiK5uY#009289#009644,0,0,163-35-556-428,10.0,720,720,train
-eBUcBfkVCo#041225#041363,0,0,134-39-449-354,10.0,592,592,train
WfTZ5iIUn4s#003925#004057,0,0,173-39-510-376,10.0,720,720,train
1fZ915L1w7I#016432#016587,0,0,168-44-623-498,10.0,928,928,train
jr5mTwfFh00#012699#012847,0,0,158-34-548-423,10.0,752,752,train
fWqKalpYgLo#000910#001077,0,0,229-31-690-492,10.0,816,816,train
EEjyPqyFe_s#013713#013912,0,0,166-23-506-364,10.0,672,672,train
87qLWFZManA#014062#014254,0,0,248-25-773-550,10.0,960,960,train
O13KwsyDqeE#016171#016305,0,0,167-47-518-398,10.0,688,688,train
9RTkZaX1cH0#008900#009063,0,0,131-39-472-381,10.0,624,624,train
pyFcr2WcOyo#004797#005052,0,0,206-77-572-443,10.0,848,848,train
85hbMtegrLc#010034#010202,0,0,327-96-761-530,10.0,992,992,train
BzeTjn0R2VY#023639#023997,0,0,123-18-736-631,10.0,1056,1056,train
7Lc_dlVrg5M#008739#008888,0,0,114-17-446-348,10.0,576,576,train
yMWlkJAqKYU#003981#004196,0,0,149-11-483-345,10.0,592,592,train
MB5IX-np5fE#027718#027957,0,0,183-76-654-547,10.0,976,976,train
3VTsIju1dLI#014775#014964,0,0,241-9-808-576,10.0,1008,1008,train
FFG2rilqT2g#002775#003009,0,0,200-36-528-363,10.0,640,640,train
08z_xW-szwM#000927#001086,0,0,220-53-617-451,10.0,832,832,train
xnfEBUI_YTE#009416#009588,0,0,256-50-740-534,10.0,960,960,train
MO0L_LY2hRA#005613#005767,0,0,203-33-533-362,10.0,704,704,train
UUfUAJD3qrU#040504#040818,0,0,30-10-379-358,10.0,464,464,train
yLfCCcVDUiU#013269#013521,0,0,220-59-584-423,10.0,768,768,train
zamvnyBB-SU#011902#012117,0,0,207-51-723-566,10.0,1024,1024,train
08z_xW-szwM#017347#017580,0,0,199-57-590-449,10.0,816,816,train
kvdHqS3ryw0#003070#003382,0,0,335-59-823-547,10.0,1024,1024,train
08z_xW-szwM#011522#011862,0,0,223-57-615-450,10.0,816,816,train
GIrfNWed1Mk#008267#008503,0,0,257-38-750-531,10.0,928,928,train
_GMVTJ9ZKVc#027683#027821,0,0,222-33-589-399,10.0,704,704,train
JTN9Nx8VYtk#010295#010606,0,0,164-0-539-375,10.0,624,624,train
DTIjvPLkJgo#002688#002836,0,0,204-56-614-466,10.0,864,864,train
d0LQCXCiW8g#010398#010703,0,0,131-27-463-359,10.0,608,608,train
_waBFUg_oT8#004048#004312,0,0,215-36-544-365,10.0,704,704,train
PrK0CifulU0#011426#011573,0,0,174-34-503-363,10.0,656,656,train
5zWmdHmJMd0#002117#002263,0,0,206-72-732-598,10.0,1056,1056,train
87qLWFZManA#000896#001040,0,0,223-9-784-570,10.0,944,944,train
ieSV8-isy3M#017666#017799,0,0,127-0-661-534,10.0,928,928,train
C0dmOPDLKhY#009486#009757,0,0,299-19-873-593,10.0,1056,1056,train
rYwTA5RA9eU#009487#009908,0,0,126-24-462-361,10.0,640,640,train
VJoQj00RZHg#005272#005797,0,0,168-27-500-359,10.0,640,640,train
ClfBxWPkBKU#022832#023375,0,0,206-28-563-385,10.0,704,704,train
dkmpRQdJslI#002364#003025,0,0,217-4-635-422,10.0,704,704,train
FDhlOovaGrI#010151#010337,0,0,177-33-516-371,10.0,688,688,train
ER0G2S9r7aE#008693#008854,0,0,286-71-731-516,10.0,928,928,train
i2l9v_seHCc#006067#006252,0,0,308-51-739-483,10.0,912,912,train
4E_1AB1rsSw#003093#003391,0,0,255-72-699-516,10.0,928,928,train
uTL9tm7S1Io#001318#001487,0,0,171-30-493-353,10.0,624,624,train
aTfwA1TaH3Q#010853#011144,0,0,194-45-531-382,10.0,720,720,train
zfbigT9I0Qg#005803#006023,0,0,203-43-645-485,10.0,896,896,train
oEIYHTlbeLA#005557#005874,0,0,185-45-510-370,10.0,656,656,train
iwUkbi4_wWo#008228#008385,0,0,249-43-670-464,10.0,848,848,train
tb-WdVA4_bo#003187#003472,0,0,218-5-635-422,10.0,704,704,train
oEIYHTlbeLA#009044#009272,0,0,152-39-479-366,10.0,640,640,train
V1yW5IsnSjo#010827#011207,0,0,139-3-488-352,10.0,592,592,train
501FEzbB1JI#004349#004565,0,0,100-33-471-404,10.0,672,672,train
UMhLBPPtlrY#020936#021145,0,0,183-38-504-358,10.0,656,656,train
9alL95G293s#004722#004913,0,0,311-6-862-557,10.0,960,960,train
iMFJef3xnmg#028457#028614,0,0,225-35-653-463,10.0,832,832,train
iMFJef3xnmg#002506#003479,0,0,159-14-662-517,10.0,864,864,train
9KvZy09vaNg#006030#006176,0,0,171-11-629-469,10.0,800,800,train
kaU7IPlg9PA#016544#016800,0,0,305-52-770-518,10.0,912,912,train
H3ddtbeduoo#005290#005422,0,0,198-32-556-390,10.0,672,672,train
xDKth-qS8Jk#006213#006353,0,0,310-55-803-548,10.0,976,976,train
HXbsVbFAczg#021301#021435,0,0,140-27-448-335,10.0,608,608,train
a63t8r70QN0#000392#000568,0,0,211-44-621-453,10.0,768,768,train
iWHq2m_Hwhw#022482#022737,0,0,147-2-494-350,10.0,560,560,train
cK74vhqzeeQ#009460#009807,0,0,189-38-506-356,10.0,672,672,train
rtcrqLWZr_0#007128#007347,0,0,196-49-687-541,10.0,1008,1008,train
xv4_L5zlYaA#010593#010795,0,0,201-46-640-486,10.0,864,864,train
TLZ6W-Nqv1I#005900#006080,0,0,238-63-695-520,10.0,976,976,train
LcNvkhS4UYg#016989#017205,0,0,129-23-495-390,10.0,720,720,train
i2l9v_seHCc#012657#012921,0,0,241-60-661-481,10.0,912,912,train
9RTkZaX1cH0#015261#015406,0,0,58-26-422-390,10.0,608,608,train
y1yK36RMyRE#001231#001445,0,0,336-51-834-549,10.0,1024,1024,train
MB5IX-np5fE#011024#011196,0,0,118-18-685-585,10.0,976,976,train
kmbui1xF8DE#016549#016842,0,0,210-13-768-571,10.0,976,976,train
GIrfNWed1Mk#004228#004452,0,0,278-40-769-531,10.0,928,928,train
2paoNvG5Nmo#013920#014056,0,0,219-52-687-520,10.0,896,896,train
cmpu58yv8-g#000500#000709,0,0,212-18-564-370,10.0,656,656,train
ni4FV5zL6lM#006605#006736,0,0,79-17-477-415,10.0,688,688,train
eemOZfsrKdg#005733#005891,0,0,186-48-594-457,10.0,816,816,train
5ErKrSyUpEo#011210#011569,0,0,282-53-842-612,10.0,1072,1072,train
PrK0CifulU0#008335#008480,0,0,185-44-511-370,10.0,656,656,train
kmbui1xF8DE#007707#007843,0,0,214-48-591-424,10.0,720,720,train
i2l9v_seHCc#002959#003112,0,0,258-61-667-470,10.0,912,912,train
4CGFPbFqdJ4#014496#014792,0,0,177-42-688-553,10.0,992,992,train
oGlsUYGMYks#002716#002851,0,0,204-29-547-372,10.0,672,672,train
08z_xW-szwM#003969#004398,0,0,203-55-598-451,10.0,832,832,train
B43f89Y9f-A#002416#002548,0,0,192-40-593-441,10.0,784,784,train
lAzQWtkPzbI#018377#018653,0,0,86-0-445-359,10.0,592,592,train
sNQfoYm3WI0#004932#005164,0,0,239-17-696-474,10.0,848,848,train
XAcARiiK5uY#014958#015562,0,0,151-12-561-421,10.0,704,704,train
BHY0FxzoKZE#007142#007320,0,0,249-47-778-576,10.0,1056,1056,train
ZzugJPASNB8#011688#011851,0,0,204-57-594-448,10.0,848,848,train
9EVEmZ2c_es#012484#012858,0,0,173-25-544-396,10.0,688,688,train
SF9qq6vQ3Pg#009372#009571,0,0,196-40-673-517,10.0,928,928,train
PJLT0cAPNfs#013758#014084,0,0,206-47-665-506,10.0,928,928,train
uXrCeiQxWyc#015310#015462,0,0,172-38-640-506,10.0,928,928,train
2Euof4PnjDk#009678#009838,0,0,133-13-477-358,10.0,608,608,train
GwRzjFQa_Og#000917#001051,0,0,254-53-776-576,10.0,1040,1040,train
ogCIqaCe2zI#003662#003808,0,0,185-26-698-539,10.0,944,944,train
kaU7IPlg9PA#004604#004740,0,0,266-57-674-466,10.0,880,880,train
pvBlSFVmoaw#001577#001748,0,0,142-40-474-372,10.0,672,672,train
8DDgHq9ewOo#018079#018308,0,0,289-30-829-570,10.0,992,992,train
HzAtOyw6ACw#014634#014798,0,0,309-28-855-574,10.0,976,976,train
cK74vhqzeeQ#006322#006591,0,0,208-30-526-349,10.0,656,656,train
KCr8s57hdzY#000405#000554,0,0,242-68-755-581,10.0,1040,1040,train
aupPrDnhrKA#005225#005367,0,0,335-60-791-516,10.0,1008,1008,train
kBBmVezBUkg#020514#020738,0,0,263-51-742-530,10.0,1040,1040,train
5aH2Ppjpcho#002059#002228,0,0,194-17-528-351,10.0,608,608,train
Juc_yvEkJuc#010766#010999,0,0,348-45-842-539,10.0,960,960,train
fO2htapfNhA#006421#006742,0,0,373-42-912-581,10.0,1056,1056,train
o_U-_akINwQ#001686#001870,0,0,133-43-469-379,10.0,688,688,train
yhMi0tkYyT8#018774#019010,0,0,195-39-555-398,10.0,720,720,train
KyVSuI6JyOs#005673#005871,0,0,150-42-676-568,10.0,1008,1008,train
SF9qq6vQ3Pg#013355#013490,0,0,232-50-675-492,10.0,912,912,train
DzNN_4rcIjs#018707#018889,0,0,153-18-469-334,10.0,560,560,train
fO2htapfNhA#001457#001756,0,0,245-58-737-551,10.0,1040,1040,train
uXrCeiQxWyc#014449#014607,0,0,316-49-805-538,10.0,960,960,train
7a5NyUITbyk#012445#012708,0,0,265-27-797-559,10.0,1008,1008,train
_GMVTJ9ZKVc#020813#020967,0,0,145-34-526-415,10.0,720,720,train
j7fRIGphgtk#001015#001189,0,0,197-25-526-354,10.0,704,704,train
xHHb7R3kx40#021206#021397,0,0,258-61-648-452,10.0,896,896,train
iFTWM7HV2UI#007478#007748,0,0,277-65-757-546,10.0,1040,1040,train
2paoNvG5Nmo#049343#049566,0,0,247-53-656-462,10.0,816,816,train
27lMmdmy-b8#021212#021393,0,0,146-30-497-381,10.0,688,688,train
2VBkDNzeRZM#003897#004025,0,0,245-64-753-572,10.0,1008,1008,train
DsrxbqFo41k#002305#002660,0,0,143-16-525-397,10.0,704,704,train
hokUdXYRe2Q#004140#004391,0,0,198-40-628-469,10.0,896,896,train
UoMpbL_Fsig#003194#003328,0,0,189-44-518-373,10.0,704,704,train
2wseM6wWd74#008329#008923,0,0,134-24-447-337,10.0,624,624,train
vQILP19qABk#004223#004468,0,0,113-1-483-371,10.0,624,624,train
-7ORAKULel4#014254#014392,0,0,329-64-796-532,10.0,992,992,train
I6xuJu7gLe0#008542#008850,0,0,242-64-718-541,10.0,1008,1008,train
kdqUhTnAgJU#019602#019930,0,0,159-47-480-368,10.0,672,672,train
YUUP2MMz7PU#010820#010971,0,0,213-32-632-452,10.0,832,832,train
Depn_GsxSqo#014520#014730,0,0,328-63-853-587,10.0,1072,1072,train
21hgbMa_sVc#006761#006899,0,0,218-45-697-524,10.0,912,912,train
VJoQj00RZHg#001878#002012,0,0,150-40-464-354,10.0,640,640,train
1k89OTpDvIU#000379#000508,0,0,176-45-522-392,10.0,704,704,train
UMhLBPPtlrY#007039#007334,0,0,181-29-516-364,10.0,640,640,train
aI8KiPiVLyY#007024#007793,0,0,188-32-498-342,10.0,624,624,train
r-YXvkWLy-g#008994#009200,0,0,230-54-709-534,10.0,944,944,train
FqrLUtIFVjs#020245#020384,0,0,149-43-481-375,10.0,688,688,train
y8ohTeRKVqs#010711#010938,0,0,184-33-727-576,10.0,1040,1040,train
1g-1_Y3fvUg#005582#005752,0,0,227-56-707-535,10.0,992,992,train
xnfEBUI_YTE#007306#007441,0,0,259-41-726-508,10.0,928,928,train
y7l5QHRY_AI#005121#005256,0,0,175-34-533-392,10.0,704,704,train
ERSZb2wHFDw#002042#002331,0,0,233-54-658-479,10.0,880,880,train
SF9qq6vQ3Pg#001887#002050,0,0,261-50-708-497,10.0,928,928,train
I3BJVaioX_k#006305#006550,0,0,238-58-773-593,10.0,1056,1056,train
iMFJef3xnmg#011312#011639,0,0,158-45-583-471,10.0,832,832,train
360bU-vBJOI#011780#011947,0,0,245-54-667-476,10.0,864,864,train
xHHb7R3kx40#016563#016747,0,0,284-41-779-535,10.0,1040,1040,train
pyFcr2WcOyo#015311#015623,0,0,190-68-563-441,10.0,832,832,train
7a5NyUITbyk#010089#010284,0,0,327-55-810-539,10.0,1008,1008,train
1fZ915L1w7I#011224#011372,0,0,242-31-588-378,10.0,704,704,train
B43f89Y9f-A#006475#006766,0,0,90-12-573-494,10.0,800,800,train
8UNCvk9YXOo#012271#012525,0,0,327-52-853-578,10.0,1088,1088,train
lmyZMtPVodo#016106#016268,0,0,200-23-532-355,10.0,624,624,train
IyrcWMvu9ek#001087#001398,0,0,178-25-589-436,10.0,816,816,train
v9EKV2nSU8w#003498#003692,0,0,322-44-835-558,10.0,1024,1024,train
zamvnyBB-SU#010161#010442,0,0,214-30-785-600,10.0,1024,1024,train
UxLRv0FEndM#014337#014650,0,0,70-0-398-326,10.0,528,528,train
8UNCvk9YXOo#013811#014011,0,0,315-47-847-579,10.0,1088,1088,train
Uq3MCf_6HtI#005056#005193,0,0,275-17-807-549,10.0,928,928,train
0gks6ceq4eQ#004737#004870,0,0,240-46-773-579,10.0,1008,1008,train
oGlsUYGMYks#013337#013619,0,0,113-18-480-385,10.0,672,672,train
ONs9FCY74p0#014774#014915,0,0,263-60-706-503,10.0,912,912,train
JKS7HWy2TRU#009526#009656,0,0,160-37-638-515,10.0,928,928,train
eemOZfsrKdg#007584#007919,0,0,166-52-571-457,10.0,832,832,train
AI7M-JTC6_w#004437#004643,0,0,235-39-729-533,10.0,1008,1008,train
a63t8r70QN0#019338#019510,0,0,124-31-475-383,10.0,656,656,train
-eBUcBfkVCo#037616#037807,0,0,167-41-489-364,10.0,592,592,train
iMFJef3xnmg#012668#013553,0,0,245-15-730-501,10.0,848,848,train
TLZ6W-Nqv1I#013173#013386,0,0,304-42-844-582,10.0,992,992,train
Ubbmje44gLg#012261#012772,0,0,181-40-561-420,10.0,752,752,train
jAw8t2g-eVU#001308#001607,0,0,262-66-765-569,10.0,1072,1072,train
51k3UASQE5E#005090#005220,0,0,277-53-683-458,10.0,880,880,train
zMWYQRKuc5M#012618#012983,0,0,140-31-481-373,10.0,688,688,train
iFTWM7HV2UI#029357#029510,0,0,230-72-731-573,10.0,1040,1040,train
fO2htapfNhA#005827#006198,0,0,238-47-746-554,10.0,1040,1040,train
08z_xW-szwM#010578#010874,0,0,183-55-551-423,10.0,800,800,train
Juc_yvEkJuc#003265#003570,0,0,266-35-715-484,10.0,864,864,train
501FEzbB1JI#007199#007339,0,0,104-35-454-386,10.0,656,656,train
MB5IX-np5fE#026002#026235,0,0,235-62-725-552,10.0,976,976,train
xgW-0egOWVg#013239#013400,0,0,285-58-769-542,10.0,1056,1056,train
bVV2Zk88beY#007966#008114,0,0,178-48-505-375,10.0,688,688,train
wzjVT07bcYA#013030#013181,0,0,317-41-812-536,10.0,960,960,train
P2AUat93a8Q#018396#018638,0,0,200-43-517-360,10.0,704,704,train
CiLn-GrcuEs#014748#014903,0,0,91-8-475-392,10.0,656,656,train
esD6aaIjhek#003219#003545,0,0,158-12-494-348,10.0,624,624,train
tb-WdVA4_bo#013958#014292,0,0,101-17-500-416,10.0,704,704,train
V1yW5IsnSjo#011245#011471,0,0,142-3-478-339,10.0,576,576,train
_GMVTJ9ZKVc#000462#000666,0,0,198-44-555-402,10.0,720,720,train
SF9qq6vQ3Pg#004021#004168,0,0,210-25-717-532,10.0,928,928,train
KzIp4IzDPG0#009843#010044,0,0,205-54-744-593,10.0,992,992,train
zamvnyBB-SU#005203#005390,0,0,241-59-744-562,10.0,1024,1024,train
vC1uxXvPG0Q#011520#011705,0,0,195-39-511-355,10.0,688,688,train
77HUdJ7Tij0#003810#003979,0,0,282-49-749-516,10.0,976,976,train
QijH4UAqGD8#005293#005537,0,0,155-20-754-618,10.0,1056,1056,train
idfv7Lw4Y_s#011935#012118,0,0,339-50-860-571,10.0,1040,1040,train
ONs9FCY74p0#011685#011818,0,0,238-44-683-488,10.0,912,912,train
r-YXvkWLy-g#006046#006181,0,0,263-55-753-545,10.0,976,976,train
A-OvJjAw2Jo#001037#001253,0,0,149-52-484-387,10.0,672,672,train
pxEcvU0Vp_M#018605#018735,0,0,178-11-698-532,10.0,912,912,train
Kc6hkHGHQQc#001709#001884,0,0,234-27-739-532,10.0,944,944,train
Rhcrbcg8HBw#009416#009616,0,0,252-19-665-432,10.0,800,800,train
MB5IX-np5fE#024910#025081,0,0,232-74-712-554,10.0,992,992,train
hU-aTB-heU0#012892#013070,0,0,234-65-741-572,10.0,1024,1024,train
jAw8t2g-eVU#009664#009949,0,0,196-49-686-538,10.0,992,992,train
3aYWvujaT6M#006500#006725,0,0,164-41-523-400,10.0,704,704,train
yLfCCcVDUiU#002784#003077,0,0,134-46-499-411,10.0,736,736,train
UoMpbL_Fsig#012024#012185,0,0,121-44-463-386,10.0,704,704,train
51k3UASQE5E#013964#014106,0,0,172-33-633-493,10.0,880,880,train
aQsOmGflf1o#010131#010319,0,0,232-30-648-446,10.0,800,800,train
0JGarsZE1rk#004129#004305,0,0,229-47-763-581,10.0,1072,1072,train
eaCrsBtiYA4#010211#010442,0,0,157-0-743-586,10.0,976,976,train
y8ohTeRKVqs#009891#010058,0,0,251-49-792-589,10.0,1040,1040,train
U51MSK6nSQE#012147#012311,0,0,242-4-804-566,10.0,880,880,train
9RTkZaX1cH0#018692#018836,0,0,172-43-507-378,10.0,624,624,train
wmMrZyVANUo#018707#018920,0,0,231-49-759-577,10.0,1072,1072,train
7uRPPaYuu44#006495#006641,0,0,134-26-634-525,10.0,960,960,train
t0Cr64zCc38#009488#009667,0,0,279-39-761-522,10.0,944,944,train
_QdPW8JrYzQ#001038#001185,0,0,99-19-481-401,10.0,704,704,train
yMWlkJAqKYU#001400#001588,0,0,98-32-407-341,10.0,608,608,train
ERSZb2wHFDw#002732#002879,0,0,209-42-647-480,10.0,880,880,train
kmbui1xF8DE#009104#009337,0,0,190-39-618-467,10.0,800,800,train
7G4WI4oTC5A#016990#017136,0,0,198-24-741-567,10.0,960,960,train
yNhu0MG_2MA#015508#015678,0,0,290-59-749-517,10.0,992,992,train
51k3UASQE5E#006923#007105,0,0,267-39-698-471,10.0,864,864,train
uXrCeiQxWyc#016408#016585,0,0,283-39-765-521,10.0,960,960,train
o_U-_akINwQ#004468#004671,0,0,125-3-539-417,10.0,688,688,train
77HUdJ7Tij0#018717#018954,0,0,180-60-625-505,10.0,928,928,train
l--QYXCecew#014583#014718,0,0,234-31-680-477,10.0,928,928,train
8rZzHkpyPkc#006670#006815,0,0,199-46-543-390,10.0,688,688,train
ERSZb2wHFDw#012868#013105,0,0,271-44-718-491,10.0,928,928,train
Zd_Lbg9jroU#005506#005657,0,0,240-31-721-512,10.0,928,928,train
uuatZO76MgQ#004778#004975,0,0,234-54-702-522,10.0,1008,1008,train
2ix8JEqCJ1s#016359#016528,0,0,192-43-754-604,10.0,1024,1024,train
2VBkDNzeRZM#007389#007532,0,0,121-30-703-612,10.0,1024,1024,train
YUUP2MMz7PU#015781#015939,0,0,214-38-627-451,10.0,832,832,train
360bU-vBJOI#018018#018280,0,0,163-39-592-468,10.0,848,848,train
3zJHwOwirjA#013513#013693,0,0,209-22-663-475,10.0,784,784,train
kaU7IPlg9PA#000583#000748,0,0,251-61-695-505,10.0,960,960,train
kmbui1xF8DE#005460#005660,0,0,264-29-792-557,10.0,976,976,train
G88JZ1DIdg8#012398#012547,0,0,333-56-813-537,10.0,976,976,train
QeIrdqU0o9s#008359#008523,0,0,122-34-432-344,10.0,640,640,train
yNhu0MG_2MA#021474#021753,0,0,261-56-728-523,10.0,976,976,train
-7ORAKULel4#021686#021824,0,0,234-53-652-472,10.0,864,864,train
rtcrqLWZr_0#004780#004953,0,0,230-23-751-544,10.0,976,976,train
FDhlOovaGrI#012016#012191,0,0,206-35-557-386,10.0,704,704,train
08z_xW-szwM#010369#010560,0,0,203-59-578-434,10.0,800,800,train
jAw8t2g-eVU#019774#019983,0,0,219-76-685-543,10.0,1008,1008,train
3zJHwOwirjA#015403#015918,0,0,154-2-659-508,10.0,832,832,train
kyaiTGmwxnU#003267#003658,0,0,37-0-447-409,10.0,656,656,train
ER15KmrB8h8#001744#001924,0,0,236-38-790-592,10.0,1024,1024,train
jM9Q3xP2iBo#017155#017284,0,0,135-46-503-414,10.0,672,672,train
QijH4UAqGD8#006989#007168,0,0,145-3-726-585,10.0,1024,1024,train
4CGFPbFqdJ4#009268#009400,0,0,229-55-704-530,10.0,1008,1008,train
i2l9v_seHCc#001452#001604,0,0,267-56-697-486,10.0,928,928,train
psN1DORYYV0#015000#015180,0,0,193-51-514-372,10.0,688,688,train
Juc_yvEkJuc#006474#006697,0,0,173-62-666-555,10.0,976,976,train
77HUdJ7Tij0#010456#010670,0,0,313-56-786-530,10.0,992,992,train
I3BJVaioX_k#010461#010664,0,0,263-59-797-593,10.0,1056,1056,train
i2l9v_seHCc#004879#005228,0,0,246-52-674-481,10.0,896,896,train
aI8KiPiVLyY#004850#005431,0,0,68-5-439-376,10.0,624,624,train
QijH4UAqGD8#004110#004372,0,0,245-43-785-583,10.0,1056,1056,train
kdAs3UVgIGg#002788#003025,0,0,293-45-726-479,10.0,864,864,train
CXy1byguvJY#013009#013279,0,0,273-4-872-604,10.0,1024,1024,train
2K-P7Hv_Zwg#006605#006738,0,0,182-36-513-368,10.0,688,688,train
0txtVkBUdSQ#003002#003213,0,0,103-22-422-342,10.0,624,624,train
0gks6ceq4eQ#013288#013470,0,0,169-29-699-558,10.0,976,976,train
VJoQj00RZHg#008342#008614,0,0,154-43-473-362,10.0,640,640,train
XAcARiiK5uY#011229#011481,0,0,190-34-564-408,10.0,704,704,train
vC1uxXvPG0Q#010730#010873,0,0,186-38-495-346,10.0,688,688,train
srhCnPUmJDI#002223#002479,0,0,209-5-795-591,10.0,976,976,train
4n8qT0vQbWk#022484#022851,0,0,231-10-604-383,10.0,704,704,train
9RTkZaX1cH0#014094#014239,0,0,66-32-433-399,10.0,624,624,train
3zJHwOwirjA#017383#017537,0,0,156-15-608-468,10.0,816,816,train
x95nwilkaio#010623#010766,0,0,180-40-488-348,10.0,608,608,train
cUee1I69nFs#003334#003589,0,0,201-26-779-604,10.0,1040,1040,train
tuvxXnQrRv8#001194#001332,0,0,298-16-866-584,10.0,976,976,train
i_wtaoHCw3k#016581#016720,0,0,220-49-694-523,10.0,944,944,train
kmbui1xF8DE#012681#012899,0,0,247-30-769-552,10.0,976,976,train
8Dv2Hdf5TRg#005867#006000,0,0,177-36-506-366,10.0,656,656,train
kyaiTGmwxnU#004489#004858,0,0,178-25-512-358,10.0,656,656,train
TdQ1eaZH-J8#020204#020372,0,0,79-12-443-377,10.0,656,656,train
6pSMgmL7vF0#004495#004645,0,0,366-40-929-603,10.0,1072,1072,train
CTn0HYmMAYM#009198#009400,0,0,202-50-664-512,10.0,928,928,train
1g-1_Y3fvUg#004391#004527,0,0,286-49-782-545,10.0,1024,1024,train
OEydHbngSz0#006238#006368,0,0,316-76-762-522,10.0,1008,1008,train
Cetg4gu0oQQ#009125#009306,0,0,354-56-894-595,10.0,1072,1072,train
5zWmdHmJMd0#016525#016674,0,0,301-66-829-593,10.0,1072,1072,train
oEIYHTlbeLA#000307#000437,0,0,144-50-490-396,10.0,656,656,train
bVV2Zk88beY#006417#006547,0,0,189-52-528-391,10.0,720,720,train
4tQee2_JgUo#000473#000607,0,0,237-23-653-439,10.0,832,832,train
zMWYQRKuc5M#011627#011919,0,0,199-40-538-379,10.0,704,704,train
ni4FV5zL6lM#006740#006890,0,0,95-20-478-403,10.0,688,688,train
KzIp4IzDPG0#009615#009834,0,0,212-59-754-600,10.0,1040,1040,train
ClfBxWPkBKU#017815#018215,0,0,163-30-530-397,10.0,704,704,train
DGvPfD1Dd1U#022944#023232,0,0,289-77-766-554,10.0,1040,1040,train
0B543Zkqq88#009602#009830,0,0,265-61-742-538,10.0,992,992,train
XAcARiiK5uY#016833#017036,0,0,199-22-570-393,10.0,704,704,train
pxEcvU0Vp_M#019076#019204,0,0,116-12-630-526,10.0,896,896,train
cfzkBGgxXGE#025311#025497,0,0,192-48-586-442,10.0,816,816,train
iMFJef3xnmg#005282#005594,0,0,213-0-724-512,10.0,848,848,train
40riCqvRoMs#014481#014662,0,0,199-45-524-370,10.0,704,704,train
TSomH3iGgYY#005756#005885,0,0,295-60-738-503,10.0,944,944,train
0JGarsZE1rk#014546#014715,0,0,224-62-744-582,10.0,1056,1056,train
08z_xW-szwM#002054#002416,0,0,241-43-652-454,10.0,832,832,train
51k3UASQE5E#014552#014689,0,0,211-60-639-488,10.0,928,928,train
2ju61VPdTzw#018567#018834,0,0,213-38-528-353,10.0,672,672,train
7G4WI4oTC5A#016329#016522,0,0,260-39-777-556,10.0,992,992,train
8DDgHq9ewOo#018753#019015,0,0,267-57-765-555,10.0,992,992,train
I3BJVaioX_k#022153#022288,0,0,297-69-810-581,10.0,1040,1040,train
9RTkZaX1cH0#004429#004570,0,0,105-40-452-386,10.0,624,624,train
cK74vhqzeeQ#004026#004382,0,0,207-41-528-362,10.0,672,672,train
2paoNvG5Nmo#006802#006951,0,0,189-51-599-461,10.0,864,864,train
1k89OTpDvIU#003607#003797,0,0,166-37-524-395,10.0,704,704,train
_7t6Ry4PlTo#000637#000873,0,0,347-44-863-561,10.0,1008,1008,train
eemOZfsrKdg#004397#004595,0,0,110-36-551-476,10.0,816,816,train
9RTkZaX1cH0#019531#019715,0,0,156-24-496-364,10.0,592,592,train
kmbui1xF8DE#000306#000614,0,0,200-45-748-593,10.0,1024,1024,train
oXeAWdHP0uY#008423#008742,0,0,224-4-776-557,10.0,928,928,train
fO2htapfNhA#014414#014737,0,0,168-24-718-574,10.0,1040,1040,train
ON4iy8hq2hM#000886#001092,0,0,206-59-705-557,10.0,944,944,train
w8mToWb9NC8#022257#022434,0,0,183-45-526-388,10.0,720,720,train
UMhLBPPtlrY#014037#014172,0,0,139-28-459-348,10.0,672,672,train
ClfBxWPkBKU#024359#024670,0,0,189-18-564-394,10.0,720,720,train
tuvxXnQrRv8#006925#007053,0,0,249-26-765-542,10.0,960,960,train
HI7zfpitZpo#013405#013642,0,0,136-41-504-409,10.0,704,704,train
pyFcr2WcOyo#014248#014729,0,0,195-68-569-442,10.0,832,832,train
Q6U69HbAF9Y#005821#006027,0,0,126-32-471-377,10.0,672,672,train
7Q59suYxIec#012729#012861,0,0,217-45-627-454,10.0,832,832,train
0B543Zkqq88#006366#006582,0,0,170-59-670-559,10.0,1008,1008,train
2ix8JEqCJ1s#011591#011740,0,0,228-17-807-597,10.0,992,992,train
oEIYHTlbeLA#005148#005283,0,0,154-24-475-345,10.0,592,592,train
4sZdcB6bjI8#011869#012053,0,0,212-47-552-386,10.0,688,688,train
XAcARiiK5uY#016338#016468,0,0,157-47-508-398,10.0,704,704,train
-nKdufEaL8k#003574#003710,0,0,216-54-606-444,10.0,832,832,train
uuatZO76MgQ#006718#006850,0,0,350-60-820-530,10.0,1024,1024,train
bnvnBwP9sTo#002408#002584,0,0,59-14-405-360,10.0,608,608,train
A_u2WFTfbcg#002185#002515,0,0,225-54-765-594,10.0,1072,1072,train
3VTsIju1dLI#013066#013223,0,0,305-10-899-604,10.0,1024,1024,train
iMFJef3xnmg#004596#004941,0,0,180-56-626-503,10.0,864,864,train
4n8qT0vQbWk#005675#005828,0,0,203-39-514-350,10.0,640,640,train
ER0G2S9r7aE#002620#002750,0,0,290-64-736-509,10.0,928,928,train
1AT5klu_yAQ#007129#007342,0,0,141-7-699-565,10.0,928,928,train
Kc6hkHGHQQc#002961#003098,0,0,250-16-802-567,10.0,960,960,train
1AT5klu_yAQ#008870#009033,0,0,177-50-641-514,10.0,912,912,train
JI-HzvXk5bk#001254#001438,0,0,143-36-474-367,10.0,688,688,train
0JGarsZE1rk#016617#016807,0,0,209-59-737-587,10.0,1056,1056,train
yNhu0MG_2MA#020159#020553,0,0,197-73-675-551,10.0,1008,1008,train
jAw8t2g-eVU#015334#015576,0,0,221-72-723-574,10.0,1056,1056,train
RjquHTj4HlY#003640#003820,0,0,226-29-678-481,10.0,848,848,train
LHmz_s981-g#001778#002000,0,0,240-10-843-613,10.0,1056,1056,train
jr5mTwfFh00#014054#014208,0,0,245-36-611-401,10.0,736,736,train
pb--rJGgVIo#012541#012733,0,0,197-27-546-376,10.0,688,688,train
I3BJVaioX_k#007190#007488,0,0,263-37-789-563,10.0,1024,1024,train
xDKth-qS8Jk#017653#017802,0,0,231-31-709-509,10.0,896,896,train
SF9qq6vQ3Pg#010573#010706,0,0,250-54-700-504,10.0,928,928,train
ni4FV5zL6lM#003380#003677,0,0,118-22-521-424,10.0,704,704,train
TLZ6W-Nqv1I#004056#004187,0,0,275-69-740-533,10.0,1008,1008,train
V1yW5IsnSjo#012359#012787,0,0,118-12-463-357,10.0,592,592,train
0JGarsZE1rk#018755#019132,0,0,219-58-757-595,10.0,1056,1056,train
87qLWFZManA#017167#017298,0,0,227-59-714-546,10.0,992,992,train
iMFJef3xnmg#018854#019091,0,0,150-39-593-482,10.0,832,832,train
1fZ915L1w7I#017994#018208,0,0,213-42-542-370,10.0,720,720,train
TLZ6W-Nqv1I#017655#017789,0,0,305-80-757-532,10.0,992,992,train
tb-WdVA4_bo#016459#016592,0,0,213-46-541-374,10.0,688,688,train
4CGFPbFqdJ4#010495#010664,0,0,253-51-724-522,10.0,1008,1008,train
ER15KmrB8h8#005573#005740,0,0,242-86-747-590,10.0,1056,1056,train
wmMrZyVANUo#010566#010727,0,0,219-44-750-575,10.0,1072,1072,train
ziGD7vQOwl8#007666#007811,0,0,172-16-578-422,10.0,720,720,train
360bU-vBJOI#010322#010527,0,0,222-35-653-467,10.0,864,864,train
TLZ6W-Nqv1I#008126#008266,0,0,239-54-701-516,10.0,976,976,train
8DDgHq9ewOo#022472#022751,0,0,236-45-727-536,10.0,976,976,train
9RTkZaX1cH0#018091#018256,0,0,147-25-486-365,10.0,592,592,train
AI7M-JTC6_w#005097#005341,0,0,194-13-771-590,10.0,1024,1024,train
08z_xW-szwM#008070#008330,0,0,178-29-597-448,10.0,800,800,train
kmbui1xF8DE#014197#014491,0,0,291-25-835-569,10.0,992,992,train
eemOZfsrKdg#012474#012745,0,0,147-30-570-453,10.0,832,832,train
A2DzsgJSwcc#011748#011936,0,0,284-57-792-565,10.0,1056,1056,train
ERSZb2wHFDw#004499#004655,0,0,269-34-733-497,10.0,944,944,train
360bU-vBJOI#002706#002962,0,0,230-52-662-484,10.0,896,896,train
08z_xW-szwM#000524#000688,0,0,220-52-620-453,10.0,832,832,train
aI8KiPiVLyY#011317#012130,0,0,59-5-422-369,10.0,624,624,train
wKlMcLTqRLs#003326#003484,0,0,152-10-522-380,10.0,720,720,train
B43f89Y9f-A#021903#022097,0,0,167-29-558-420,10.0,768,768,train
cUee1I69nFs#001152#001366,0,0,275-31-821-576,10.0,1008,1008,train
360bU-vBJOI#016433#016664,0,0,186-0-705-520,10.0,864,864,train
Cetg4gu0oQQ#005753#005980,0,0,307-31-855-579,10.0,1040,1040,train
tFfYh9THuGo#004539#004810,0,0,203-63-646-506,10.0,912,912,train
GIrfNWed1Mk#013696#013888,0,0,245-39-711-505,10.0,912,912,train
51k3UASQE5E#008759#008912,0,0,170-75-618-523,10.0,960,960,train
0DHywidLX6A#003962#004156,0,0,286-50-769-533,10.0,992,992,train
0txtVkBUdSQ#010584#010747,0,0,166-21-573-428,10.0,656,656,train
uuatZO76MgQ#009072#009237,0,0,297-70-782-555,10.0,1056,1056,train
iFTWM7HV2UI#030873#031674,0,0,236-9-820-594,10.0,1024,1024,train
RKK7wGAYP6k#002156#002329,0,0,300-39-801-539,10.0,1024,1024,train
aQsOmGflf1o#011960#012103,0,0,213-49-588-424,10.0,816,816,train
ER0G2S9r7aE#001600#001848,0,0,292-1-833-543,10.0,912,912,train
kaU7IPlg9PA#005541#005876,0,0,304-49-749-494,10.0,896,896,train
OWiiA9hXbY8#002130#002377,0,0,185-12-627-455,10.0,864,864,train
GIBoCJeB3HQ#018129#018354,0,0,173-40-591-458,10.0,784,784,train
2paoNvG5Nmo#018330#018486,0,0,237-18-709-490,10.0,832,832,train
eaCrsBtiYA4#018793#018951,0,0,151-35-698-583,10.0,1008,1008,train
fFJeTy1_8Ng#004461#004673,0,0,187-54-630-497,10.0,864,864,train
GIrfNWed1Mk#007291#007546,0,0,285-47-760-522,10.0,928,928,train
iqKYtA3pK1c#016888#017035,0,0,186-39-693-546,10.0,960,960,train
LHmz_s981-g#002935#003322,0,0,235-39-784-587,10.0,1040,1040,train
Juc_yvEkJuc#019559#019787,0,0,321-22-841-542,10.0,928,928,train
PrK0CifulU0#009975#010182,0,0,184-38-502-357,10.0,640,640,train
uXrCeiQxWyc#013609#013778,0,0,283-42-756-516,10.0,960,960,train
L7X17aash2s#019780#019951,0,0,289-75-752-539,10.0,976,976,train
b4qVI780Jgw#002593#002759,0,0,267-60-750-544,10.0,992,992,train
SF9qq6vQ3Pg#003533#003748,0,0,238-0-738-499,10.0,912,912,train
iMFJef3xnmg#025236#025373,0,0,244-40-680-476,10.0,848,848,train
VM6HZqQKhok#023930#024104,0,0,144-9-702-568,10.0,944,944,train
PrK0CifulU0#003012#003150,0,0,170-40-496-365,10.0,656,656,train
_7t6Ry4PlTo#020636#020850,0,0,334-48-851-564,10.0,1040,1040,train
Ubbmje44gLg#001615#001785,0,0,203-55-575-427,10.0,768,768,train
kdqUhTnAgJU#017298#017427,0,0,163-24-509-370,10.0,688,688,train
GIrfNWed1Mk#006747#006890,0,0,238-46-712-519,10.0,928,928,train
QijH4UAqGD8#003416#003605,0,0,228-43-729-544,10.0,1040,1040,train
3-UcGCnJ14c#002398#002612,0,0,233-18-646-431,10.0,784,784,train
MeKJK4uetL8#002078#002264,0,0,271-33-802-563,10.0,1040,1040,train
F3mzS32SH2Q#014249#014517,0,0,190-13-588-411,10.0,768,768,train
g3vSYbT1Aco#014299#014433,0,0,162-1-714-552,10.0,944,944,train
kaU7IPlg9PA#011679#012092,0,0,313-61-796-544,10.0,992,992,train
j-S03JfgHEA#007436#007603,0,0,204-24-553-373,10.0,656,656,train
v9EKV2nSU8w#004498#004747,0,0,292-23-850-580,10.0,1040,1040,train
y8ohTeRKVqs#012926#013106,0,0,201-29-735-562,10.0,1024,1024,train
yLfCCcVDUiU#001031#001283,0,0,205-57-549-400,10.0,720,720,train
K926HAKRFvw#007722#007901,0,0,194-45-509-360,10.0,688,688,train
7a5NyUITbyk#008686#008861,0,0,260-10-815-565,10.0,1040,1040,train
cK74vhqzeeQ#015612#015941,0,0,189-37-529-377,10.0,688,688,train
lmyZMtPVodo#009703#009910,0,0,171-11-596-436,10.0,704,704,train
idfv7Lw4Y_s#004644#004834,0,0,212-55-701-544,10.0,976,976,train
aQsOmGflf1o#014335#014490,0,0,189-42-587-440,10.0,800,800,train
PJLT0cAPNfs#005867#006038,0,0,285-67-720-502,10.0,912,912,train
ulYR5bpu68E#003266#003402,0,0,165-26-484-345,10.0,608,608,train
25s8BCsSWuk#009105#009353,0,0,219-58-695-534,10.0,976,976,train
tFfYh9THuGo#003476#003609,0,0,191-57-636-502,10.0,912,912,train
BzeTjn0R2VY#010245#010420,0,0,266-30-792-556,10.0,992,992,train
GIrfNWed1Mk#001508#001700,0,0,274-38-753-516,10.0,912,912,train
I3BJVaioX_k#014697#014869,0,0,255-53-757-555,10.0,992,992,train
MB5IX-np5fE#002965#003114,0,0,208-57-650-499,10.0,864,864,train
cK74vhqzeeQ#017081#017386,0,0,178-38-516-376,10.0,672,672,train
BvpmZktlBFs#003041#003475,0,0,168-31-497-360,10.0,640,640,train
yNhu0MG_2MA#021245#021397,0,0,281-52-751-522,10.0,960,960,train
-2Dj9M71JAc#002968#003164,0,0,197-29-579-411,10.0,720,720,train
iMFJef3xnmg#018359#018529,0,0,131-34-603-506,10.0,848,848,train
JKsHhXwqDqM#029401#029533,0,0,100-23-445-368,10.0,640,640,train
xDH0BfsPVS8#001788#002101,0,0,169-39-478-349,10.0,624,624,train
1fZ915L1w7I#010844#010985,0,0,224-41-647-465,10.0,928,928,train
HzAtOyw6ACw#001354#001562,0,0,271-67-716-512,10.0,896,896,train
uXrCeiQxWyc#006643#006833,0,0,283-30-737-484,10.0,880,880,train
MB5IX-np5fE#006370#006589,0,0,209-65-705-561,10.0,1008,1008,train
RZgkjEdMbSw#007727#007862,0,0,303-55-808-560,10.0,1008,1008,train
fO2htapfNhA#003816#003973,0,0,267-47-760-540,10.0,1040,1040,train
yLfCCcVDUiU#017898#018095,0,0,207-38-561-392,10.0,688,688,train
iB4MS1hsWXU#014911#015238,0,0,281-13-868-600,10.0,992,992,train
kvdHqS3ryw0#006983#007246,0,0,201-45-597-441,10.0,864,864,train
kmbui1xF8DE#014775#014991,0,0,243-50-747-554,10.0,976,976,train
HzAtOyw6ACw#011460#011605,0,0,215-41-651-478,10.0,832,832,train
hs-YuHv0vUk#015589#015729,0,0,313-74-828-590,10.0,1072,1072,train
1g-1_Y3fvUg#005374#005508,0,0,279-36-786-543,10.0,992,992,train
27lMmdmy-b8#000831#001005,0,0,151-41-500-390,10.0,704,704,train
xDKth-qS8Jk#002066#002229,0,0,252-40-722-510,10.0,896,896,train
Qd5rAVHT6Vw#005345#005474,0,0,253-72-734-553,10.0,1008,1008,train
0gks6ceq4eQ#023529#023757,0,0,266-48-789-570,10.0,1008,1008,train
XPDHY-jOQYA#001826#002074,0,0,197-52-639-494,10.0,848,848,train
KxDwieKpawg#004327#004485,0,0,184-54-533-403,10.0,704,704,train
U4gR_cd6xOc#009094#009315,0,0,266-67-699-500,10.0,992,992,train
jfqwHT3u1-8#002916#003149,0,0,221-43-557-379,10.0,704,704,train
Dig_QFPPPtE#002199#002359,0,0,154-47-563-456,10.0,832,832,train
3zJHwOwirjA#010307#010436,0,0,153-25-648-520,10.0,912,912,train
oGlsUYGMYks#000918#001193,0,0,164-51-509-396,10.0,688,688,train
27lMmdmy-b8#008029#008366,0,0,160-33-519-392,10.0,704,704,train
o_U-_akINwQ#016444#016586,0,0,77-6-510-439,10.0,704,704,train
dKq34EVggjI#004160#004301,0,0,288-71-784-566,10.0,1072,1072,train
MB5IX-np5fE#008465#008596,0,0,161-3-758-600,10.0,976,976,train
360bU-vBJOI#001981#002201,0,0,234-46-669-481,10.0,880,880,train
uuatZO76MgQ#001058#001549,0,0,271-59-738-526,10.0,1008,1008,train
tZYkjaKNr_o#002749#003013,0,0,254-14-609-369,10.0,704,704,train
uXrCeiQxWyc#011315#011482,0,0,267-50-744-526,10.0,976,976,train
BzeTjn0R2VY#011391#011533,0,0,83-14-684-616,10.0,1008,1008,train
fO2htapfNhA#008569#008859,0,0,292-24-823-555,10.0,1024,1024,train
BzeTjn0R2VY#001638#001777,0,0,153-63-702-613,10.0,1072,1072,train
0bRocfcPhHU#004094#004270,0,0,214-48-531-365,10.0,688,688,train
YUUP2MMz7PU#009621#009873,0,0,147-38-557-448,10.0,832,832,train
0JGarsZE1rk#016045#016216,0,0,248-21-800-573,10.0,1040,1040,train
wxStlzunxCw#016214#016410,0,0,158-44-507-393,10.0,688,688,train
eemOZfsrKdg#001596#001764,0,0,161-39-583-461,10.0,816,816,train
tb-WdVA4_bo#010867#011010,0,0,216-46-550-381,10.0,704,704,train
9RTkZaX1cH0#005935#006132,0,0,133-34-470-370,10.0,608,608,train
fO2htapfNhA#002165#002342,0,0,265-54-777-566,10.0,1040,1040,train
4zLmWpMDY8Q#011122#011318,0,0,238-48-593-402,10.0,736,736,train
5zWmdHmJMd0#001383#001691,0,0,281-48-812-580,10.0,1040,1040,train
bVV2Zk88beY#006548#007177,0,0,179-47-517-385,10.0,704,704,train
9RTkZaX1cH0#006935#007182,0,0,76-38-428-390,10.0,624,624,train
VJoQj00RZHg#003593#003833,0,0,175-27-518-370,10.0,640,640,train
Qd5rAVHT6Vw#007440#007607,0,0,203-63-689-548,10.0,1008,1008,train
_GMVTJ9ZKVc#024577#024806,0,0,102-19-498-414,10.0,720,720,train
LnJwH_PZXnM#002810#003093,0,0,185-71-663-549,10.0,992,992,train
2Brajdazp1o#007144#007315,0,0,168-22-554-408,10.0,672,672,train
iMFJef3xnmg#020827#021010,0,0,251-38-698-486,10.0,848,848,train
08z_xW-szwM#017122#017346,0,0,208-63-579-434,10.0,800,800,train
51k3UASQE5E#003674#003924,0,0,178-32-600-454,10.0,848,848,train
cK74vhqzeeQ#009975#010552,0,0,189-42-509-362,10.0,672,672,train
yLfCCcVDUiU#020490#021145,0,0,116-28-535-447,10.0,784,784,train
1fZ915L1w7I#015932#016082,0,0,141-18-517-394,10.0,704,704,train
2VBkDNzeRZM#006219#006398,0,0,226-66-729-569,10.0,1024,1024,train
bmFhWr693is#015384#015525,0,0,132-17-494-379,10.0,720,720,train
7Q59suYxIec#008447#008582,0,0,250-2-746-498,10.0,848,848,train
uXrCeiQxWyc#013069#013227,0,0,234-14-792-572,10.0,960,960,train
95ovIJ3dsNk#007201#007342,0,0,181-8-498-324,10.0,592,592,train
TLZ6W-Nqv1I#006835#007160,0,0,246-60-702-516,10.0,992,992,train
N39x_WTPix0#002492#002744,0,0,193-41-562-411,10.0,720,720,train
hokUdXYRe2Q#003998#004140,0,0,247-34-626-413,10.0,816,816,train
13zN4-MVM9g#002519#002792,0,0,282-40-802-560,10.0,1040,1040,train
ZzugJPASNB8#010177#010422,0,0,118-0-604-486,10.0,832,832,train
pxEcvU0Vp_M#010551#010814,0,0,172-15-549-393,10.0,704,704,train
4CGFPbFqdJ4#002591#002874,0,0,267-63-771-567,10.0,1008,1008,train
I3BJVaioX_k#011990#012280,0,0,290-58-827-595,10.0,1056,1056,train
y7l5QHRY_AI#017430#017757,0,0,159-35-468-344,10.0,624,624,train
4sZdcB6bjI8#011303#011868,0,0,139-29-484-374,10.0,672,672,train
i2l9v_seHCc#016548#016750,0,0,277-36-753-512,10.0,928,928,train
jr5mTwfFh00#010253#010484,0,0,241-23-628-411,10.0,720,720,train
IFpK-MqBD5E#002840#003042,0,0,211-56-712-557,10.0,1024,1024,train
kvdHqS3ryw0#004300#004491,0,0,308-68-775-536,10.0,1008,1008,train
_7t6Ry4PlTo#005499#005660,0,0,249-63-749-563,10.0,1008,1008,train
BvpmZktlBFs#004092#004626,0,0,148-36-482-370,10.0,656,656,train
X4LOF6ftJVU#002677#002818,0,0,203-36-542-374,10.0,672,672,train
GSf6nij-SdA#021618#021845,0,0,142-27-533-419,10.0,720,720,train
RKK7wGAYP6k#000844#001153,0,0,145-6-720-581,10.0,1008,1008,train
YUUP2MMz7PU#000428#000668,0,0,189-40-599-451,10.0,816,816,train
pxEcvU0Vp_M#000380#000597,0,0,240-41-609-410,10.0,736,736,train
iMFJef3xnmg#007612#008487,0,0,208-43-659-494,10.0,848,848,train
LnJwH_PZXnM#015334#015524,0,0,129-46-481-398,10.0,656,656,train
YUUP2MMz7PU#016346#016525,0,0,244-56-654-466,10.0,848,848,train
8DDgHq9ewOo#019934#020070,0,0,240-18-651-429,10.0,784,784,train
tFfYh9THuGo#009218#009347,0,0,162-57-590-485,10.0,880,880,train
5bXiuSrZUKg#018736#018956,0,0,95-24-455-384,10.0,672,672,train
RjquHTj4HlY#004870#005059,0,0,236-46-666-475,10.0,864,864,train
Cr1usGUSuL4#006000#006275,0,0,148-40-478-370,10.0,656,656,train
jAw8t2g-eVU#018576#018724,0,0,250-65-743-558,10.0,1024,1024,train
27lMmdmy-b8#007200#007379,0,0,158-31-519-392,10.0,704,704,train
fO2htapfNhA#015936#016225,0,0,249-39-778-568,10.0,1056,1056,train
TLZ6W-Nqv1I#005566#005769,0,0,274-53-731-509,10.0,992,992,train
tFfYh9THuGo#013258#013549,0,0,121-42-594-514,10.0,896,896,train
r-YXvkWLy-g#004954#005188,0,0,274-42-770-538,10.0,960,960,train
bWA1gvA5lxU#001987#002148,0,0,286-41-757-513,10.0,912,912,train
I3BJVaioX_k#013242#013410,0,0,212-66-745-599,10.0,1072,1072,train
bVV2Zk88beY#007739#007930,0,0,184-45-519-380,10.0,704,704,train
iMFJef3xnmg#021965#022115,0,0,237-45-665-474,10.0,848,848,train
2VBkDNzeRZM#004945#005084,0,0,296-70-791-565,10.0,1024,1024,train
yNhu0MG_2MA#008510#008927,0,0,219-44-689-514,10.0,944,944,train
mT4Qbp89nIQ#007512#007679,0,0,306-73-795-562,10.0,1040,1040,train
0B543Zkqq88#007069#007266,0,0,299-48-787-536,10.0,1008,1008,train
3m6dV7Xo3Vc#012399#012540,0,0,111-18-468-375,10.0,640,640,train
cgxZ4H3gJ8c#014464#014663,0,0,189-29-535-376,10.0,672,672,train
iMFJef3xnmg#026983#027489,0,0,226-46-690-510,10.0,864,864,train
iB4MS1hsWXU#017750#017883,0,0,240-8-863-631,10.0,1008,1008,train
8Dv2Hdf5TRg#016390#016598,0,0,160-30-500-371,10.0,672,672,train
pyFcr2WcOyo#011319#011738,0,0,197-69-565-437,10.0,832,832,train
PJLT0cAPNfs#006043#006190,0,0,241-47-688-493,10.0,912,912,train
7Q59suYxIec#017016#017158,0,0,198-39-629-469,10.0,832,832,train
501FEzbB1JI#005149#005292,0,0,91-30-423-362,10.0,624,624,train
kSR8G8mfp84#010772#010963,0,0,153-28-484-358,10.0,656,656,train
kmbui1xF8DE#010578#010815,0,0,265-10-848-593,10.0,992,992,train
P2y3Uspr8Bg#016926#017170,0,0,166-0-490-324,10.0,544,544,train
ClfBxWPkBKU#021932#022183,0,0,202-17-603-419,10.0,720,720,train
oGlsUYGMYks#010837#010984,0,0,155-35-520-400,10.0,688,688,train
WvvuLDX7iIk#009306#009548,0,0,136-8-458-330,10.0,624,624,train
th3nnEpITz0#029041#029184,0,0,135-11-520-397,10.0,720,720,train
cUee1I69nFs#005041#005190,0,0,236-25-822-611,10.0,1024,1024,train
zamvnyBB-SU#014946#015131,0,0,162-7-757-602,10.0,1024,1024,train
VJoQj00RZHg#007121#007525,0,0,154-45-478-370,10.0,640,640,train
0R9zjn9BBvA#006509#006658,0,0,366-25-957-616,10.0,1056,1056,train
jAw8t2g-eVU#018831#019041,0,0,243-67-723-548,10.0,1024,1024,train
PVXQUItNEDQ#003674#003802,0,0,170-1-504-335,10.0,640,640,train
i_wtaoHCw3k#012816#012973,0,0,169-44-601-477,10.0,864,864,train
1g-1_Y3fvUg#003170#003335,0,0,346-71-843-568,10.0,1056,1056,train
iMFJef3xnmg#026532#026949,0,0,145-3-630-488,10.0,832,832,train
xHHb7R3kx40#000969#001121,0,0,231-21-707-498,10.0,928,928,train
7Q59suYxIec#009206#009444,0,0,144-0-652-508,10.0,864,864,train
_QdPW8JrYzQ#011052#011327,0,0,148-23-528-402,10.0,704,704,train
kvdHqS3ryw0#011661#011793,0,0,203-23-639-459,10.0,832,832,train
4zLmWpMDY8Q#010907#011037,0,0,154-44-520-410,10.0,720,720,train
kmbui1xF8DE#006761#007046,0,0,225-2-799-576,10.0,976,976,train
pvBlSFVmoaw#012585#012769,0,0,80-3-523-445,10.0,720,720,train
P2AUat93a8Q#025250#025395,0,0,139-31-486-378,10.0,688,688,train
L7X17aash2s#028681#028849,0,0,286-58-771-542,10.0,944,944,train
4E_1AB1rsSw#017114#017337,0,0,276-69-735-529,10.0,960,960,train
r-YXvkWLy-g#006390#006643,0,0,192-23-716-547,10.0,960,960,train
5zWmdHmJMd0#002763#003015,0,0,315-40-912-636,10.0,1072,1072,train
Juc_yvEkJuc#021449#021591,0,0,311-78-797-563,10.0,1024,1024,train
Kc6hkHGHQQc#003747#003979,0,0,273-35-805-567,10.0,976,976,train
EEjyPqyFe_s#009495#009651,0,0,184-16-526-358,10.0,656,656,train
g3vSYbT1Aco#010129#010378,0,0,296-5-861-570,10.0,960,960,train
YUUP2MMz7PU#018136#018265,0,0,266-3-731-467,10.0,848,848,train
PrUA8L40Dic#009881#010105,0,0,214-40-738-564,10.0,1040,1040,train
uTL9tm7S1Io#005554#005865,0,0,171-38-491-358,10.0,640,640,train
RjquHTj4HlY#002751#002889,0,0,255-37-694-477,10.0,864,864,train
VJoQj00RZHg#012156#012618,0,0,104-3-510-409,10.0,656,656,train
EYgoqiX15Rw#005582#005755,0,0,157-39-523-405,10.0,704,704,train
FqrLUtIFVjs#013477#013779,0,0,154-40-503-390,10.0,704,704,train
TLZ6W-Nqv1I#016103#016307,0,0,257-65-733-541,10.0,992,992,train
51k3UASQE5E#012876#013019,0,0,266-52-665-451,10.0,864,864,train
g9M3HIjHuq0#008648#008787,0,0,170-35-508-373,10.0,656,656,train
U51MSK6nSQE#013856#014386,0,0,185-36-674-525,10.0,880,880,train
pyFcr2WcOyo#000810#001028,0,0,205-74-586-455,10.0,848,848,train
FDhlOovaGrI#018214#018355,0,0,222-39-557-374,10.0,688,688,train
LnJwH_PZXnM#002025#002181,0,0,187-37-773-623,10.0,928,928,train
05jJodDVJRQ#010853#011164,0,0,180-21-526-367,10.0,656,656,train
iFTWM7HV2UI#014838#015190,0,0,236-62-718-544,10.0,976,976,train
iMFJef3xnmg#009517#010451,0,0,254-39-693-479,10.0,848,848,train
IFpK-MqBD5E#004154#004288,0,0,255-67-743-556,10.0,1040,1040,train
a4ZBzM3L6ws#000476#000612,0,0,285-75-791-581,10.0,1072,1072,train
UxLRv0FEndM#009616#009749,0,0,144-18-452-326,10.0,560,560,train
0JGarsZE1rk#002661#002830,0,0,224-26-789-591,10.0,1072,1072,train
Juc_yvEkJuc#013966#014183,0,0,256-1-823-568,10.0,896,896,train
501FEzbB1JI#002984#003112,0,0,101-28-432-360,10.0,624,624,train
I6xuJu7gLe0#005026#005256,0,0,202-76-685-560,10.0,1008,1008,train
zMWYQRKuc5M#008415#008575,0,0,208-43-554-389,10.0,720,720,train
1fZ915L1w7I#014972#015187,0,0,221-22-584-385,10.0,704,704,train
pxEcvU0Vp_M#023789#023987,0,0,120-11-512-403,10.0,688,688,train
QeIrdqU0o9s#002971#003131,0,0,111-32-418-340,10.0,640,640,train
EEjyPqyFe_s#005171#005448,0,0,162-46-481-365,10.0,656,656,train
U4gR_cd6xOc#002252#002646,0,0,266-41-777-553,10.0,1040,1040,train
VJoQj00RZHg#001399#001866,0,0,185-28-509-353,10.0,624,624,train
L7X17aash2s#005125#005264,0,0,236-38-669-471,10.0,848,848,train
WyprXhvGVYk#002769#003024,0,0,337-34-900-597,10.0,1040,1040,train
UxLRv0FEndM#016665#016835,0,0,110-0-425-314,10.0,528,528,train
BzeTjn0R2VY#015154#015400,0,0,154-9-702-558,10.0,1008,1008,train
g3vSYbT1Aco#014136#014290,0,0,302-56-771-524,10.0,960,960,train
ClfBxWPkBKU#017057#017291,0,0,148-25-500-377,10.0,704,704,train
pxEcvU0Vp_M#028065#028266,0,0,190-47-506-363,10.0,688,688,train
U51MSK6nSQE#011961#012092,0,0,189-62-646-520,10.0,896,896,train
-eBUcBfkVCo#024722#025085,0,0,140-37-456-353,10.0,608,608,train
yfLp_vueUxY#010178#010340,0,0,246-53-681-488,10.0,864,864,train
yNhu0MG_2MA#013194#013536,0,0,327-42-798-513,10.0,960,960,train
jzrcRcEBrmA#001632#001787,0,0,266-12-761-507,10.0,848,848,train
kefDIEb3xyQ#001259#001454,0,0,224-54-605-436,10.0,832,832,train
ER15KmrB8h8#005743#005901,0,0,250-36-815-602,10.0,1056,1056,train
Y0UB6g8Rsyw#001670#001817,0,0,252-49-661-458,10.0,864,864,train
lV3trdyDdHE#010959#011133,0,0,134-40-489-395,10.0,688,688,train
xHHb7R3kx40#007264#007526,0,0,286-48-771-533,10.0,1040,1040,train
_X0mgOOSpLU#011369#011500,0,0,143-41-485-384,10.0,688,688,train
YUUP2MMz7PU#012077#012389,0,0,227-51-651-476,10.0,864,864,train
kyaiTGmwxnU#006134#006434,0,0,176-25-538-387,10.0,688,688,train
VJoQj00RZHg#006752#006893,0,0,169-40-504-375,10.0,656,656,train
uTL9tm7S1Io#010977#011164,0,0,220-34-545-359,10.0,640,640,train
r-YXvkWLy-g#004539#004682,0,0,285-50-774-538,10.0,992,992,train
onaiTOLPeUs#003828#003994,0,0,251-53-781-583,10.0,1024,1024,train
srhCnPUmJDI#019939#020070,0,0,253-55-747-549,10.0,1008,1008,train
3VTsIju1dLI#008604#008763,0,0,140-2-712-574,10.0,992,992,train
oEIYHTlbeLA#012224#012423,0,0,157-36-496-374,10.0,656,656,train
DGvPfD1Dd1U#022744#022939,0,0,274-70-757-553,10.0,1040,1040,train
k0GQSJrpVhM#015322#015698,0,0,296-42-766-512,10.0,928,928,train
kmbui1xF8DE#000958#001166,0,0,309-54-836-580,10.0,1040,1040,train
0g0S34XE2b8#003206#003349,0,0,287-37-826-576,10.0,976,976,train
y5nbWUOc9tY#006834#006997,0,0,172-1-514-343,10.0,624,624,train
0B543Zkqq88#002512#002704,0,0,268-44-775-551,10.0,1008,1008,train
rftagV38YKY#011003#011161,0,0,144-32-481-370,10.0,688,688,train
idfv7Lw4Y_s#013252#013555,0,0,205-54-715-564,10.0,1008,1008,train
QeIrdqU0o9s#015207#015370,0,0,201-27-538-364,10.0,656,656,train
Juc_yvEkJuc#011957#012185,0,0,285-42-814-571,10.0,1008,1008,train
dDClQv1SeeE#005379#005512,0,0,213-18-750-555,10.0,928,928,train
XPDHY-jOQYA#007613#007835,0,0,210-37-663-491,10.0,864,864,train
